,STREET_STANDARD,Lat,Long
0,"WOLCOTT, BOSTON",42.237446899999995,-71.13240567653366
1,"CHELSEA, BOSTON",42.385615650000005,-71.0222791
2,"ROWES, BOSTON",42.3557897,-71.05030095000001
3,"KELTON, BOSTON",42.34723875457689,-71.13754141164443
4,"WESTLAND, BOSTON",42.343751948298916,-71.0885241148092
5,"CAMDEN, BOSTON",42.33732685,-71.08124148067898
6,"WARREN, BOSTON",,
7,"LONG, BOSTON",,
8,"STOUGHTON, BOSTON",42.33510445007288,-71.07035979993957
9,"KILMARNOCK STREET, BOSTON",42.34151758224847,-71.09881002434587
10,"BLUE HILL AVENUE, BOSTON",42.271709900000005,-71.09540780532785
11,"HARRISON AVENUE, BOSTON",42.33416670719563,-71.07617637776082
12,"OAK SQUARE, BOSTON",42.3508665,-71.1681324
13,"CLARENDON STREET, BOSTON",42.348497322663015,-71.07414130447656
14,"BROOKLINE AVENUE, BOSTON",42.347742013084044,-71.09796752640368
15,"CENTRE STREET, BOSTON",42.27810679889019,-71.16002959187544
16,"BICKFORD STREET, BOSTON",42.32552431369238,-71.10136965651004
17,"MORTON STREET, BOSTON",42.2802855,-71.0860598
18,"LIBERTY SQUARE, BOSTON",42.35787875,-71.0552968824964
19,"CONGRESS STREET, BOSTON",42.359834085856185,-71.05718179554904
20,"HUNTINGTON AVENUE, BOSTON",42.34218927915866,-71.08570044775003
21,"BELVIDERE STREET, BOSTON",42.346328625756,-71.08620393123569
22,"COMMONWEALTH AVENUE, BOSTON",42.34916917886691,-71.09876287476133
23,"AMERICAN LEGION HIGHWAY, BOSTON",42.27540176225939,-71.11599010834769
24,"CAMBRIDGE STREET, BOSTON",42.34913273410757,-71.15002356590762
25,"GROVE STREET, BOSTON",42.25694231331521,-71.15606116674124
26,"CUMMINS HIGHWAY, BOSTON",42.272328726885306,-71.10726188446614
27,"BURROUGHS STREET, BOSTON",42.31305809785427,-71.11646641356714
28,"BERTH 10, BOSTON",,
29,"HARVARD WAY, BOSTON",42.366716684013234,-71.12266549032182
30,"ALBANY STREET, BOSTON",42.332750494929755,-71.07455130559003
31,"BOARDMAN STREET, BOSTON",42.38719575802778,-71.00812939489438
32,"HAMPDEN STREET, BOSTON",42.32864917753266,-71.07505955813107
33,"BOWDOIN STREET, BOSTON",42.30916280542406,-71.06403070923719
34,"SOUTHAMPTON STREET, BOSTON",42.32982452884662,-71.05868774423311
35,"DARTMOUTH STREET, BOSTON",42.344350590657406,-71.07449836331561
36,"GENEVA AVENUE, BOSTON",42.30494662333746,-71.07450124454678
37,"DR. MICHAEL GAVIN, BOSTON",,
38,"CAUSEWAY STREET, BOSTON",42.366638216501435,-71.05899836294358
39,"ELM HILL AVENUE, BOSTON",42.31075409221218,-71.08654162121684
40,"DUDLEY STREET, BOSTON",42.32570316099056,-71.07515065742322
41,"LONG WHRF, BOSTON",42.359973285126785,-71.04967519307793
42,"ADAMS STREET, BOSTON",42.328516633329095,-71.07653024505889
43,"KINGSTON STREET, BOSTON",42.35283421813158,-71.0594371582417
44,"CHELSEA STREET, BOSTON",42.38626885,-71.02268145
45,"COURT SQUARE, BOSTON",42.35895945,-71.05882547310607
46,"BOYLSTON STREET, BOSTON",42.35095710404747,-71.07413144803316
47,"LIBERTY DRIVE, BOSTON",42.35437696536369,-71.04546586541892
48,"CLAREMONT STREET, BOSTON",42.342710596442345,-71.08169416957134
49,"BRIGHTON AVENUE, BOSTON",42.352172560793235,-71.12558031853614
50,"MILK STREET, BOSTON",42.35882662887515,-71.05125641286783
51,"CEYLON STREET, BOSTON",42.31083086959892,-71.07266281291054
52,"COLUMBUS SQUARE, BOSTON",42.34345705,-71.07785066444248
53,"BEACON STREET, BOSTON",42.35334839002204,-71.08019127931954
54,"ARBORWAY, BOSTON",42.3059084,-71.1195047826217
55,"GLENVILLE AVENUE, BOSTON",42.34976535552184,-71.13426525513383
56,"00 MASS AVENUE, BOSTON",,
57,"ALLSTON STREET, BOSTON",42.3486046,-71.1376139
58,"CORNELL STREET, BOSTON",42.28245541338409,-71.13993478647915
59,"FLEET STREET, BOSTON",42.36436432041337,-71.05227873681588
60,"N WASHINGTON STREET, BOSTON",42.36713533211474,-71.05867508295299
61,"W NEWTON STREET, BOSTON",42.34010033179475,-71.07509531705315
62,"JEWISH WAR VETERANS DRIVE, BOSTON",42.30089702213985,-71.10618513653415
63,"TREMONT STREET, BOSTON",42.35355662060492,-71.06416841554949
64,"BEACH STREET, BOSTON",42.30251076492212,-71.0548464895445
65,"KNEELAND STREET, BOSTON",42.34989236492132,-71.05865204682901
66,"HUMBOLDT AVENUE, BOSTON",42.31880058865171,-71.08609538893788
67,"CLIFTON STREET, BOSTON",42.32096968072051,-71.06992044584125
68,"WASHINGTON, BOSTON",45.5153672,-122.837946
69,"HARVARD STREET, BOSTON",42.297801198186335,-71.07605548070904
70,"FULLER, BOSTON",42.28089370576745,-71.07639279319862
71,"PHILLIPS COURT, BOSTON",42.36014816328051,-71.06929057092673
72,"JOHN F. FITZGERALD SURFAC, BOSTON",,
73,"OCEAN VIEW DRIVE, BOSTON",42.31828628202322,-71.0396336006006
74,"DEVONSHIRE STREET, BOSTON",42.35399280369409,-71.05782525588691
75,"USS CONSTITUTION, BOSTON",42.3724407,-71.05654660441175
76,"THOMPSON ISL, BOSTON",,
77,"HIGH STREET, BOSTON",42.309495034095704,-71.06108771610612
78,"TOWNSEND STREET, BOSTON",42.319448763860215,-71.09231672032831
79,"HYDE PARK AVENUE, BOSTON",42.29026049838033,-71.1180717555589
80,"BOWDOIN AVENUE, BOSTON",42.301775431786545,-71.07559224238206
81,"DORCHESTER AVENUE, BOSTON",42.319656048446554,-71.05675602135959
82,"GLENWAY STREET, BOSTON",42.299862137882045,-71.08184203441976
83,"TONAWANDA, BOSTON",42.29755718820796,-71.07110542140555
84,"MEDFORD STREET, BOSTON",42.36592516921779,-71.0589291267205
85,"MAIN STREET, BOSTON",42.38487649302675,-71.0746210842328
86,"CHESTNUT HILL AVENUE, BOSTON",42.338352,-71.1528837
87,"MENDELL WAY, BOSTON",42.31615626261353,-71.10122854231363
88,"PUBLIC ALLEY NO 909, BOSTON",,
89,"PUBLIC ALLEY NO 543, BOSTON",,
90,"QUINCY PLACE, BOSTON",42.315871599467464,-71.08189905318865
91,"STUART STREET, BOSTON",42.348454887421425,-71.07590208706918
92,"COLUMBUS AVENUE, BOSTON",42.32110256895365,-71.09846732700235
93,"MARTIN LUTHER KING JR BOULEVARD, BOSTON",42.32066347805402,-71.08979055138121
94,"COLUMBIA ROAD, BOSTON",42.3153282,-71.06687149999999
95,"WALNUT, BOSTON",,
96,"TEMPLE PLACE, BOSTON",42.355228344247735,-71.0620612245774
97,"W DEDHAM STREET, BOSTON",42.34190184379748,-71.07276200899936
98,"5 BEACON STREET, BOSTON",42.2525087,-71.1174806
99,"CHARLES STREET, BOSTON",42.300363492537,-71.0625914949924
100,"GENERAL WILLIAM H DEVINE, BOSTON",42.32859721053939,-71.05414148330648
101,"BENNINGTON STREET, BOSTON",42.38853326248559,-70.99985359300496
102,"SAINT BOTOLPH STREET, BOSTON",42.343506268383756,-71.0824960645814
103,"LEGACY PLACE, BOSTON",42.2312373,-71.17726
104,"PARKER, BOSTON",,
105,"CORNELIA COURT, BOSTON",42.33415423764955,-71.09892859075667
106,"ARCH STREET, BOSTON",42.35490754639322,-71.0585824726855
107,"ALFORD STREET, BOSTON",42.3842523372373,-71.07412633274292
108,"SCHOOL STREET, BOSTON",42.31602668550014,-71.10081777098577
109,"WINTER PLACE, BOSTON",42.35560729408166,-71.06146789317081
110,"PIER 4 BOULEVARD, BOSTON",,
111,"LENINSTON, BOSTON",,
112,"MELNEA CASS BOULEVARD, BOSTON",42.33315264340318,-71.08135859527212
113,"ATLANTIC AVENUE, BOSTON",42.350292613275236,-71.0566746240308
114,"9 AVENUE, BOSTON",42.29265265,-71.1452548402388
115,"CHESTERTON STREET, BOSTON",42.33011773893582,-71.0708805402301
116,"BLACKSTONE STREET, BOSTON",42.36150670301071,-71.05617571311491
117,"MASSACHUSETTS AVENUE, BOSTON",42.34141395,-71.08352020025595
118,"LESTON STREET, BOSTON",42.28296613684168,-71.09042797553414
119,"BROMFIELD STREET, BOSTON",42.356955621938184,-71.06075206254505
120,"LONG WHARF, BOSTON",42.359973285126785,-71.04967519307793
121,"CROSS STREET, BOSTON",42.363817665576256,-71.05767977857111
122,"HANOVER, BOSTON",42.365751439700205,-71.05222351393918
123,"MAGAZINE STREET, BOSTON",42.326695959118105,-71.07145458172945
124,"AMES STREET, BOSTON",42.28966083187096,-71.08430105249117
125,"UPTON STREET, BOSTON",42.3424274231725,-71.07226747458913
126,"CANTERBURY STREET, BOSTON",42.27848773303617,-71.11809337979102
127,"ROWES WHRF, BOSTON",42.3557897,-71.05030095000001
128,"TOLMAN STREET, BOSTON",42.28924357812082,-71.04642845828091
129,"LAGRANGE STREET, BOSTON",42.28823471904605,-71.16602266479916
130,"GORDON STREET, BOSTON",42.31044075633554,-71.10847846112473
131,"DACIA STREET, BOSTON",42.31500994544227,-71.07731376520839
132,"BRAINTREE STREET, BOSTON",42.35630751205191,-71.13544784419236
133,"CAMBRIDGE, BOSTON",,
134,"DEERING ROAD, BOSTON",42.28465300567014,-71.09407224950507
135,"DORCHESTER STREET, BOSTON",42.3332695091307,-71.05048307667899
136,"WARREN STREET, BOSTON",42.3486367,-71.1402269
137,"W ROXBURY PARKWAY, BOSTON",42.2835683,-71.1471822611768
138,"COPELAND STREET, BOSTON",42.32218505835816,-71.08097875031159
139,"WESTVIEW STREET, BOSTON",42.29078032283277,-71.08395735536605
140,"SAINT JAMES STREET, BOSTON",42.32665255035628,-71.0854415005812
141,"DANA AVENUE, BOSTON",42.25105861591471,-71.12245156760271
142,"RUTLAND, BOSTON",42.3417594170912,-71.07818150390233
143,"COREY ROAD, BOSTON",42.34432677683264,-71.138027221852
144,"BACK STREET, BOSTON",42.3550407380211,-71.07613251818096
145,"METCALF COURT, BOSTON",42.30537010697784,-71.11570412757527
146,"ATHERTON STREET, BOSTON",42.31771667064062,-71.10066967064063
147,"GAINSBOROUGH STREET, BOSTON",42.34111111524052,-71.08597800004684
148,"MARION, BOSTON",,
149,"SUMMER STREET, BOSTON",42.34046289956301,-71.03555846479333
150,"LAGRANGE, BOSTON",42.273217847680606,-71.14396887866478
151,"EASTWOOD CIRCLE, BOSTON",,
152,"BELGRADE AVENUE, BOSTON",42.28646921328315,-71.1322406781757
153,"SEAVER STREET, BOSTON",42.303359130493426,-71.08119709617537
154,"S CONWAY STREET, BOSTON",42.28763473793239,-71.13124601532178
155,"W BROOKLINE STREET, BOSTON",42.34279862722813,-71.07612035582962
156,"COMMERCIAL STREET, BOSTON",42.36801980492163,-71.05701217169428
157,"COLUMBIA, BOSTON",4.7998003,-75.69644308954577
158,"AUSTIN STREET, BOSTON",42.26552299087011,-71.12498816867435
159,"ARLINGTON STREET, BOSTON",42.34869167770251,-71.06937059018071
160,"HULLGUT, BOSTON",,
161,"CUSHING AVENUE, BOSTON",42.31342511446428,-71.0626003266557
162,"CORBET STREET, BOSTON",42.28191904582426,-71.08336210731065
163,"PURCHASE STREET, BOSTON",42.35589441741552,-71.05160402506404
164,"SOUTH STREET, BOSTON",42.3394672,-71.1572443
165,"NORTH STREET, BOSTON",42.36254588371879,-71.05445970759834
166,"MAPLE PLACE, BOSTON",42.34796517855375,-71.06337670338449
167,"JERSEY STREET, BOSTON",42.34606135308045,-71.0985652022689
168,"WALNUT AVENUE, BOSTON",42.3240136504626,-71.08320804481484
169,"ATHERTON AVENUE, BOSTON",42.28346899111391,-71.13060099183011
170,"JOHN F. FITZGERALD SURF, BOSTON",,
171,"CHARLESGATE E, BOSTON",42.350674101358365,-71.09165371319432
172,"FARGO STREET, BOSTON",42.345067206391896,-71.04223320290149
173,"BALL STREET, BOSTON",42.333905222550534,-71.08133888666873
174,"MALCOLM X BOULEVARD, BOSTON",42.33003676548258,-71.08684753840997
175,"CAMDEN STREET, BOSTON",42.33794191859013,-71.08128252841048
176,"CEDRIC STREET, BOSTON",42.32570805808573,-71.07129609293717
177,"STRATTON STREET, BOSTON",42.289347216994614,-71.08354763768016
178,"MELCHER STREET, BOSTON",42.34959253611894,-71.05023722634006
179,"BEDFORD STREET, BOSTON",42.353495254461,-71.06007394771493
180,"AUSTIN, BOSTON",,
181,"BAILEY STREET, BOSTON",42.28404950482902,-71.06797252407802
182,"HEMMINGWAY PRK, BOSTON",,
183,"NEW SUDBURY, BOSTON",42.360932547915866,-71.061290213362
184,"HERALD STREET, BOSTON",42.346201287329436,-71.06252000861234
185,"PARKER STREET, BOSTON",42.383252173937436,-71.07900730965483
186,"AVENUE LOUIS PASTEUR, BOSTON",42.33859063239084,-71.10215577487683
187,"SHAWMUT AVENUE, BOSTON",42.342353091877506,-71.07023869528606
188,"HAROLD STREET, BOSTON",42.31361260090797,-71.09207231927363
189,"NEPONSET VALLEY PARKWAY, BOSTON",42.2416706,-71.13292647512671
190,"MARVIN STREET, BOSTON",42.33015495270851,-71.08491288138507
191,"TREMONT, BOSTON",42.331752050000006,-71.09872175077012
192,"HAVILAND, BOSTON",42.3463852745784,-71.08833449565282
193,"STATE STREET, BOSTON",42.358850789063275,-71.05731730320751
194,"PIERPONT ROAD, BOSTON",42.290539482080995,-71.15007159359298
195,"MARLBOROUGH STREET, BOSTON",42.35039733420782,-71.08785404577726
196,"RUTHERFORD AVENUE, BOSTON",42.380264017397835,-71.07114243378126
197,"MERRIMAC STREET, BOSTON",42.36316526675313,-71.06029499550485
198,"BERKELEY STREET, BOSTON",42.34772645,-71.07133145
199,"OAK STREET, BOSTON",42.2545382913348,-71.12117640438804
200,"MAVERICK, BOSTON",42.3691041,-71.0395764
201,"MASS AVENUE, BOSTON",42.342525,-71.084938
202,"HAWLEY STREET, BOSTON",42.355273038130974,-71.05942022938027
203,"COMMERCIAL, BOSTON",,
204,"CHESTNUT STREET, BOSTON",42.37541873912773,-71.05920012580263
205,"LUCERNE STREET, BOSTON",42.2868017258543,-71.0885296430787
206,"HUNTINGTON, BOSTON",42.34647835,-71.08146761113602
207,"FAIRMOUNT AVENUE, BOSTON",42.25431961300449,-71.1198375590364
208,"NAVARRE STREET, BOSTON",42.27623517953423,-71.11726141214535
209,"CANAL STREET, BOSTON",42.364501313860075,-71.06005774982077
210,"GORDON, BOSTON",,
211,"BUNKER HILL INDUSTRIAL PA, BOSTON",,
212,"BELDEN SQUARE, BOSTON",42.31793101579783,-71.06540589400183
213,"ELM HILL, BOSTON",,
214,"BERNARD, BOSTON",,
215,"DITMUS, BOSTON",42.33715667112648,-71.08268463603609
216,"SEAVER, BOSTON",42.303359130493426,-71.08119709617537
217,"DALE STREET, BOSTON",42.32263539534211,-71.08866114141453
218,"NEWMARKET SQUARE, BOSTON",42.33013116112471,-71.06700552814544
219,"CHATHAM, BOSTON",42.35964293449959,-71.05464585714495
220,"HAVELOCK STREET, BOSTON",42.28631801589671,-71.09217050667357
221,"CHAUNCY STREET, BOSTON",42.352869502381346,-71.06096876329926
222,"E BERKELEY STREET, BOSTON",42.344520127880884,-71.06763257521573
223,"CENTRE, BOSTON",48.7393864,1.383899
224,"WHEATLAND, BOSTON",42.29317673425642,-71.07466117717365
225,"CITY OF QUINCY, BOSTON",,
226,"ALBANY, BOSTON",41.1087897,20.0739859
227,"LIBERTY, BOSTON",,
228,"CRESCENT, BOSTON",,
229,"CAUSEWAY, BOSTON",52.95007987019368,-0.03092231154301632
230,"TOWER STREET, BOSTON",42.299087074632446,-71.111863144908
231,"BARROWS, BOSTON",42.35281174073993,-71.13818022282058
232,"SUMMIT, BOSTON",41.2633887,-81.5595627
233,"MARLBOROUGH, BOSTON",42.3519730182761,-71.0820082049356
234,"WASHINGTON STREET, BOSTON",42.3440492,-71.1426244
235,"RUGGLES STREET, BOSTON",42.33446498239685,-71.08806935963263
236,"NEWBURY, BOSTON",42.35092,-71.0783603
237,"FANEUIL HALL MARKETPLACE, BOSTON",,
238,"MAGNOLIA STREET, BOSTON",42.31618727691551,-71.07097694060705
239,"CEDAR STREET, BOSTON",42.32793694312339,-71.09640771018202
240,"FAULKNER CIRCLE, BOSTON",42.29955763899999,-71.0616436198883
241,"ESSEX STREET, BOSTON",42.352570402578266,-71.06023461052942
242,"DEFOREST, BOSTON",42.26813885,-71.13051637860953
243,"HOME DEPOT, BOSTON",42.3283416,-71.06384268057951
244,"FENWAY, BOSTON",42.3451868,-71.1045987
245,"HOWARD, BOSTON",,
246,"CRAWFORD STREET, BOSTON",42.31276195124406,-71.08803003912878
247,"FENWAY PARK, BOSTON",42.346461399999995,-71.09709985343964
248,"NEW WASHINGTON STREET, BOSTON",,
249,"ANNABEL STREET, BOSTON",42.31829161399707,-71.06265494151887
250,"COMMONWEALTH, BOSTON",42.3554334,-71.060511
251,"WINTER, BOSTON",,
252,"WILMORE, BOSTON",42.2779637768856,-71.0924638592905
253,"ENDICOTT STREET, BOSTON",42.36647678957754,-71.0580115361126
254,"BOSTON HARBOR, BOSTON",42.3417649,-70.9661596
255,"HECLA, BOSTON",42.30683200635685,-71.06028654330026
256,"GAVIN WAY, BOSTON",42.32614923189864,-71.05349115257103
257,"JAMES O'NEILL, BOSTON",42.330407550000004,-71.0518385
258,"THOMPSON ISLAND, BOSTON",42.3150877,-71.01035936908627
259,"LENOX STREET, BOSTON",42.33637594697598,-71.08071568298746
260,"PUBLIC ALLEY NO 701, BOSTON",,
261,"EVERETT, BOSTON",42.3545285,-71.0687582
262,"STANIFORD STREET, BOSTON",42.36243253629165,-71.06387011880152
263,"MOUNT VERNON STREET, BOSTON",42.35754442396444,-71.07146157152708
264,"STRATHMORE, BOSTON",42.33924241715474,-71.15330946513517
265,"ELM STREET, BOSTON",42.378768388595695,-71.06279851224471
266,"HIGHLAND STREET, BOSTON",42.328448329190415,-71.09215399092714
267,"CLARE AVENUE, BOSTON",42.27393002215219,-71.11895305851314
268,"BIRD STREET, BOSTON",42.313418696366085,-71.0704146830174
269,"MONUMENT AVENUE, BOSTON",42.37467584033279,-71.06188006706299
270,"E BROOKLINE STREET, BOSTON",42.33815359251503,-71.07075852500834
271,"ENNEKING PARKWAY, BOSTON",42.257659833309205,-71.1320674729872
272,"WATERMAN, BOSTON",52.9763198,-0.1417109
273,"W WALNUT PARK, BOSTON",42.317869601505876,-71.09965306016403
274,"MARKET STREET, BOSTON",42.35506063463982,-71.14979159600983
275,"BRAY STREET, BOSTON",42.317231721341344,-71.09763668974553
276,"YARMOUTH PLACE, BOSTON",42.346379302804955,-71.07625700570318
277,"CHARME, BOSTON",42.28533481916572,-71.11546983201107
278,"LEXINGTON, BOSTON",42.377134293728254,-71.03952404991077
279,"MARGINAL ROAD, BOSTON",42.3478801744286,-71.06685688758449
280,"BLAKEVILLE STREET, BOSTON",42.30470703222561,-71.0709017787135
281,"GREENWOOD STREET, BOSTON",42.299853259911735,-71.07988807179554
282,"ESTELLA STREET, BOSTON",42.28688955255347,-71.09455601311254
283,"GLOUCESTER STREET, BOSTON",42.349576477617354,-71.08433053331615
284,"DAKOTA STREET, BOSTON",42.299660620446836,-71.06881915965782
285,"HAVARD AVENUE, BOSTON",,
286,"S BREMEN STREET, BOSTON",42.36781437405663,-71.03944496457837
287,"COLONAIDE, BOSTON",,
288,"MAVERICK SQUARE, BOSTON",42.37051065,-71.03906427118096
289,"PALMER, BOSTON",42.3304112814292,-71.08250192831574
290,"HULL, BOSTON",42.36675234260547,-71.05560574522764
291,"NORTH, BOSTON",13.00284765,77.61838088344521
292,"BOYLSTON, BOSTON",42.3534194,-71.06443
293,"CITY HALL PZ, BOSTON",,
294,"LAMARTINE PLACE, BOSTON",42.313673300000005,-71.1066145
295,"FREEPORT STREET, BOSTON",42.29139137554604,-71.04816349820884
296,"OAKWOOD STREET, BOSTON",42.268447426343606,-71.10979246829996
297,"COHASSET, BOSTON",42.285034605528736,-71.1309440413332
298,"WAVERLY, BOSTON",42.36077225791995,-71.14388143276713
299,"ELMWOOD STREET, BOSTON",42.330833036849505,-71.09420671814436
300,"BIRCHWOOD STREET, BOSTON",42.25840295272365,-71.1578017176061
301,"CUSTOM HOUSE STREET, BOSTON",42.357966251768055,-71.05303038435814
302,"W CONCORD STREET, BOSTON",42.339771582273826,-71.07718087695801
303,"WITHROP SIDE AIRPOT, BOSTON",,
304,"FRONTAGE ROAD, BOSTON",42.34418088472134,-71.06082792261776
305,"MURDOCK STREET, BOSTON",42.35248518922511,-71.1466528453761
306,"CAROL, BOSTON",42.26833842580024,-71.15052519460038
307,"MARSHALLS, BOSTON",42.345451,-71.1001214
308,"COURTLAND ROAD, BOSTON",42.28625685624798,-71.09475578639339
309,"STOCKTON, BOSTON",42.28265568079227,-71.07374926632045
310,"PUBLIC ALLEY NO 437, BOSTON",,
311,"CARLTON, BOSTON",42.3531675,-71.07177634536382
312,"HOLTON, BOSTON",42.36060065672657,-71.13842975332125
313,"COURT STREET, BOSTON",42.35914800296584,-71.05911413211393
314,"BENTON STREET, BOSTON",42.33756818375879,-71.08475782423878
315,"PRENTISS STREET, BOSTON",42.333810062734436,-71.09376991367073
316,"BATTERY WHRF, BOSTON",42.36715285,-71.05035687384179
317,"THACHER, BOSTON",42.36556018824001,-71.05656438770266
318,"ANNAFRAN STREET, BOSTON",42.27313527995362,-71.11067091527804
319,"FORSYTH WAY, BOSTON",42.339905576688786,-71.09283261561298
320,"FORSYTH STREET, BOSTON",42.33707685,-71.08966490182927
321,"BOULEVARD TERRACE, BOSTON",42.34716961196112,-71.13952252978974
322,"WALTON STREET, BOSTON",42.287277464666175,-71.07014422430571
323,"HOWARD AVENUE, BOSTON",42.318774238891024,-71.07356361541386
324,"AVERY STREET, BOSTON",42.353298205265936,-71.06369605514037
325,"CHARLES PARK ROAD, BOSTON",42.27786983567949,-71.17459548215237
326,"MORRISEY BOULEVARD, BOSTON",,
327,"MORELAND STREET, BOSTON",42.324081126582776,-71.07944110240338
328,"MORTON, BOSTON",42.2802855,-71.0860598
329,"BUNKER HILL STREET, BOSTON",42.376672880440815,-71.05692181728436
330,"FRAZER STREET, BOSTON",42.2628663847213,-71.11025434865661
331,"NIGHTINGALE, BOSTON",42.2954080498089,-71.08238478210608
332,"HARCOURT STREET, BOSTON",42.34622840112792,-71.07856611472063
333,"PUBLIC ALLEY NO 402, BOSTON",,
334,"EDGEWATER DRIVE, BOSTON",42.26597885015006,-71.09578760670996
335,"ALBERT STREET, BOSTON",42.33473787688115,-71.09199105567072
336,"HANCOCK STREET, BOSTON",42.31066114585684,-71.06190892315254
337,"WESTERN, BOSTON",8.4865544,-13.2370072
338,"BLOSSOM STREET, BOSTON",42.36171530408512,-71.0668604976866
339,"TREMLETT STREET, BOSTON",42.29481394731596,-71.07020555883251
340,"PARK VIEW STREET, BOSTON",42.311076693758054,-71.09239484853084
341,"PARKTON ROAD, BOSTON",42.3222764269377,-71.11414573102131
342,"JOHN F. FITZGERALD SURFA, BOSTON",,
343,"BOSTON WHARF ROAD, BOSTON",42.35069926368181,-71.04633196791674
344,"BERNARD STREET, BOSTON",42.29438954474385,-71.08023678216121
345,"TAUNTON AVENUE, BOSTON",42.26757056665807,-71.107016221832
346,"BROOK AVENUE, BOSTON",42.32070825513743,-71.0740579496846
347,"OTIS STREET, BOSTON",42.35463095475339,-71.05809217929139
348,"UKRAINE WAY, BOSTON",42.298232902280915,-71.1157898257988
349,"JAN KARSKI WAY, BOSTON",42.3247715579151,-71.06131809591133
350,"UNION SQUARE, BOSTON",42.3537285,-71.13661355563741
351,"BABSON STREET, BOSTON",42.27203736387637,-71.09208731478316
352,"BLUE OP ANGEL, BOSTON",,
353,"BOSTON, BOSTON",52.978108,-0.0313195
354,"DISTRICT AVENUE, BOSTON",42.32520079862623,-71.06223069964625
355,"JETTE, BOSTON",42.34683639293584,-71.14318815918898
356,"PUBLIC ALLEY NO 438, BOSTON",,
357,"MAPLE STREET, BOSTON",42.3084268029181,-71.08605507103765
358,"NEWBURY STREET, BOSTON",42.34842051940795,-71.08689709103709
359,"BLAKEMORE STREET, BOSTON",42.28550353013568,-71.11992560023889
360,"SPRAGUE STREET, BOSTON",42.23724437474315,-71.13576517335898
361,"FIRST, BOSTON",,
362,"AVENUE, BOSTON",46.52384891127061,6.622504873418358
363,"6 AVE SE, BOSTON",,
364,"ROWES WHARF, BOSTON",42.3557897,-71.05030095000001
365,"BAIRD STREET, BOSTON",42.28576442137599,-71.09220681780549
366,"MARSHALLS..., BOSTON",42.345451,-71.1001214
367,"DUNKELD STREET, BOSTON",42.312773781037095,-71.07561575551792
368,"NORTHAMPTON STREET, BOSTON",42.33944645270135,-71.08180057416872
369,"BUSSEY STREET, BOSTON",,
370,"COLLINS STREET, BOSTON",42.270904078977885,-71.1187798479759
371,"VICTORY GARDEN, BOSTON",,
372,"RIVER STREET, BOSTON",42.36123284999999,-71.116764
373,"WENSLEY, BOSTON",42.3272725713101,-71.10212194030674
374,"CHARTER STREET, BOSTON",42.36719517794093,-71.05461398960688
375,"COMMERCIAL WHRF, BOSTON",42.36193017864109,-71.04889832154863
376,"CRISPUS ATTUCKS PLACE, BOSTON",42.324527389058545,-71.08823288123774
377,"ANTRIM STREET, BOSTON",42.38751562385069,-71.00573032340942
378,"LINCOLN, BOSTON",,
379,"PETERBOROUGH, BOSTON",42.34347483912088,-71.09821863757129
380,"BATTERY STREET, BOSTON",42.3663272562898,-71.05208135070765
381,"HAZELWOOD COURT, BOSTON",42.3178663,-71.0849726
382,"WALNUT PARK, BOSTON",42.315945141658545,-71.09694288804363
383,"FRANCIS PARKMAN DRIVE, BOSTON",,
384,"BAKER AVENUE, BOSTON",42.31242143714808,-71.07082450968186
385,"POPLAR, BOSTON",,
386,"BRUNSWICK STREET, BOSTON",42.311771367041764,-71.08199568812171
387,"ALLSTATE ROAD, BOSTON",42.32519870470935,-71.06416950501344
388,"TRAVELER, BOSTON",42.3430341,-71.05756775
389,"NEPTUNE ROAD, BOSTON",42.379544897459766,-71.02480283962147
390,"HANOVER STREET, BOSTON",42.36171693700159,-71.05726864463793
391,"LOGAN AIRPORT SERVICE, BOSTON",,
392,"BAKER STREET, BOSTON",42.27535453116896,-71.16708626647639
393,"PARKER HILL AVENUE, BOSTON",42.329328093262994,-71.10392568581761
394,"ADAMS S, BOSTON",,
395,"5 CONDOR STREET, BOSTON",42.382473649999994,-71.04007718069485
396,"CHESTNUT HILL DRIVE, BOSTON",,
397,"NORFOLK, BOSTON",42.9909491,-80.2705019
398,"RAYNOR CIRCLE, BOSTON",42.334544474274594,-71.08705717435666
399,"DIST WIDE, BOSTON",,
400,"AMORY STREET, BOSTON",42.31443639084971,-71.10483605694797
401,"RUTHERFORD, BOSTON",42.380264017397835,-71.07114243378126
402,"BAY STREET, BOSTON",42.31108969011385,-71.056101731329
403,"BURGOYNE STREET, BOSTON",42.286201320604,-71.05646499555955
404,"RESERVATION ROAD, BOSTON",42.25412348573218,-71.13325095282943
405,"EVERETT STREET, BOSTON",42.366950641922145,-71.03341360897582
406,"BEECH STREET, BOSTON",42.28324795429482,-71.14483077034461
407,"DIST 13, BOSTON",,
408,"BOSTON UNIVERSITY BRG, BOSTON",,
409,"E NEWTON STREET, BOSTON",42.33670691053745,-71.07103581172457
410,"ELLERY, BOSTON",42.3521852,-71.0706812
411,"PARISH STREET, BOSTON",42.30796803238208,-71.06209099890474
412,"CENTRAL AVENUE, BOSTON",42.26094356333229,-71.11945557316315
413,"BEVERLY STREET, BOSTON",42.36461251038398,-71.05867875921689
414,"BARTLETT STREET, BOSTON",42.32843310107025,-71.08874873936396
415,"HEATH STREET, BOSTON",42.328273,-71.1103291
416,"CORONA STREET, BOSTON",42.301110760754604,-71.0702118686059
417,"CIRCUIT STREET, BOSTON",42.323783790755975,-71.0842561630239
418,"E BROADWAY, BOSTON",42.33570881914678,-71.03129990112501
419,"MILLET, BOSTON",42.29074080643462,-71.07579271105033
420,"BLUE HILL, BOSTON",18.1596836,-76.3569311
421,"NORTH POINT, BOSTON",,
422,"S POINT DRIVE, BOSTON",42.31727445277029,-71.03996752516505
423,"OAK ST W, BOSTON",42.348512618272586,-71.06480967397526
424,"MAYWOOD STREET, BOSTON",42.31710238989532,-71.08001924384297
425,"ERIC ROAD, BOSTON",42.35760249896732,-71.1344543454387
426,"SOUTH, BOSTON",-34.6845089,135.83003325301348
427,"00 CENTRE STREET, BOSTON",42.30949886879699,-71.11555064676207
428,"HARVARD, BOSTON",42.3659617,-71.12150636791128
429,"ALBION STREET, BOSTON",42.253089251441786,-71.11497154863696
430,"MERIDIAN, BOSTON",42.37247485,-71.03951277921597
431,"PUBLIC ALLEY NO 442, BOSTON",,
432,"PUBLIC ALLEY NO 432, BOSTON",,
433,"HANNON STREET, BOSTON",42.2818858206257,-71.08548380655606
434,"ANTHONY RIP VALENTI WAY, BOSTON",,
435,"GREENFIELD ROAD, BOSTON",42.269271499575105,-71.10408473328084
436,"W COTTAGE STREET, BOSTON",42.32064309208421,-71.07492703122155
437,"BASE, BOSTON",,
438,"CLIFFORD STREET, BOSTON",42.2346315798995,-71.13088883726441
439,"CHARLESGATE W, BOSTON",42.35018398589218,-71.09288495636095
440,"BOSTON STREET, BOSTON",42.32931999617769,-71.0571780416319
441,"BEACON, BOSTON",42.3587085,-71.067829
442,"ROCKINGHAM AVENUE, BOSTON",42.265119572209414,-71.15616622004445
443,"ROCKINGHAM, BOSTON",42.26988681442179,-71.10302677696815
444,"ATLANTIC, BOSTON",,
445,"BLAGDEN STREET, BOSTON",42.34896437027924,-71.07812653666957
446,"N HARVARD STREET, BOSTON",42.36035811906764,-71.12884355004945
447,"QUINCY STREET, BOSTON",42.310208224457575,-71.06768804951001
448,"FULLER STREET, BOSTON",42.28089370576745,-71.07639279319862
449,"PUBLIC ALLEY NO 428, BOSTON",,
450,"MONSIGNOR DENNIS F O'CALL, BOSTON",,
451,"DUNSTABLE STREET, BOSTON",42.37683539636296,-71.068888415492
452,"MAPLEWOOD STREET, BOSTON",42.2701199931229,-71.147466005507
453,"BY PASS ROAD, BOSTON",,
454,"NEVINS STREET, BOSTON",42.34944629888216,-71.14667160745445
455,"MERIDIAN STREET, BOSTON",42.37455733973054,-71.03908204124619
456,"LEWIS WHRF, BOSTON",42.36344293905695,-71.04999272853817
457,"PORTER STREET, BOSTON",42.36956136792378,-71.02918360288223
458,"LONDON STREET, BOSTON",42.37512558838619,-71.03690085201148
459,"DEAD END, BOSTON",,
460,"MADISON PARK COURT, BOSTON",42.33083505308147,-71.08574727644621
461,"CENTRAL SQUARE, BOSTON",42.374708,-71.03878357205414
462,"FOREST STREET, BOSTON",42.32721434328441,-71.07836752297604
463,"CEMETERY ROAD, BOSTON",42.30183955578238,-71.10469790465226
464,"MAVERICK STREET, BOSTON",42.37176027729976,-71.04261945990858
465,"SUDAN STREET, BOSTON",42.316551943117055,-71.05465580972276
466,"FRANKLIN STREET, BOSTON",42.361272417017396,-71.13142227516995
467,"E FIRST STREET, BOSTON",42.33825869384265,-71.02915583342259
468,"A STREET, BOSTON",42.342453516814174,-71.05478196375739
469,"CLAYTON STREET, BOSTON",42.302383134012864,-71.05633090352465
470,"MASSACHUSSETTS AVENUE, BOSTON",,
471,"E LENOX STREET, BOSTON",42.334347687988775,-71.0779031445903
472,"W BOUNDARY ROAD, BOSTON",42.26365403310768,-71.14624628165078
473,"ROCK, BOSTON",,
474,"PUMPHOUSE ROAD, BOSTON",42.345689867899154,-71.0398415103463
475,"MILTON, BOSTON",43.5498742,-79.9107485
476,"BANCROFT STREET, BOSTON",42.3178750631588,-71.09875190538182
477,"SCHOOL, BOSTON",,
478,"ELM HILL PARK, BOSTON",42.312927,-71.08215109708455
479,"WHITTIER ROAD, BOSTON",,
480,"MELVIN, BOSTON",42.34448655500846,-71.14138471501599
481,"CARYLL STREET, BOSTON",42.275600330029036,-71.07684040446374
482,"EVANS WAY, BOSTON",42.33723934941732,-71.09863990983176
483,"MARTHA ROAD, BOSTON",42.36599438522843,-71.0660958120767
484,"GALLIVAN, BOSTON",42.2758929,-71.08127150587225
485,"LOUISBURG SQUARE, BOSTON",42.358443699999995,-71.06876380854683
486,"MASSACHUSETTS TPKE W, BOSTON",42.3707371377519,-71.02680898276556
487,"BOWDOIN, BOSTON",42.361394250000004,-71.06210426234136
488,"E CONCORD STREET, BOSTON",42.335732766609034,-71.07233168996463
489,"FOREST, BOSTON",42.297795,-71.1159597
490,"ISLAND STREET, BOSTON",42.33131256517803,-71.07196363594177
491,"PUBLIC ALY NW, BOSTON",,
492,"COBDEN STREET, BOSTON",42.31709682714686,-71.09480837122805
493,"VICTORY ROAD, BOSTON",42.2958447484261,-71.05537767615844
494,"GOODALE, BOSTON",42.28365336173818,-71.09353375668138
495,"DRAYTON AVENUE, BOSTON",42.31218567741782,-71.07053294140995
496,"DUDLEY TRIANGLE, BOSTON",,
497,"SPRING STREET, BOSTON",42.277108389023645,-71.16465861024709
498,"CHATHAM ROW, BOSTON",42.3594614960959,-71.05433871369604
499,"PAINE STREET, BOSTON",42.28565374536181,-71.10695308441387
500,"PINE STREET, BOSTON",42.347442638004104,-71.06318430062205
501,"E COTTAGE, BOSTON",52.9133256,-0.1662776
502,"DUSTIN STREET, BOSTON",42.35281677145964,-71.14534611071765
503,"GIBSON, BOSTON",42.3547395,-71.0741161
504,"EDGEMERE ROAD, BOSTON",42.26058107588711,-71.15356235941853
505,"MARSHFIELD STREET, BOSTON",42.322837299450924,-71.06907638796446
506,"LAMARTINE STREET, BOSTON",42.31994936246611,-71.10273647944098
507,"FENWOOD ROAD, BOSTON",42.3336254,-71.1059084
508,"EDINBORO, BOSTON",42.352044818635456,-71.05973512057251
509,"LENOX AREA, BOSTON",,
510,"SEAVER PLACE, BOSTON",42.350671884325344,-71.06554801394526
511,"APPLETON STREET, BOSTON",42.345676511359315,-71.07273764939278
512,"BISMARCK STREET, BOSTON",42.26958408781462,-71.09969727511391
513,"BRAINERD ROAD, BOSTON",42.34808877831851,-71.13238327628504
514,"CUMMINS, BOSTON",42.27963029848756,-71.11814900281989
515,"GALLIVAN BOULEVARD, BOSTON",42.278091488295914,-71.07249849921561
516,"OLD COLONY AVENUE, BOSTON",42.324509031138305,-71.0524145224343
517,"METROPOLITAN AVENUE, BOSTON",42.26388080887792,-71.11780429976989
518,"GRANADA PARK, BOSTON",42.3130391455878,-71.0983325892001
519,"HOLLINGSWORTH STREET, BOSTON",42.2681034453618,-71.0991074960595
520,"PUBLIC ALLEY NO 427, BOSTON",,
521,"EVANS STREET, BOSTON",42.28188588296944,-71.08243748840367
522,"PARAMUS PARK, BOSTON",,
523,"MEADOW ROAD, BOSTON",42.23325141985533,-71.12804705019532
524,"WALFORD WAY, BOSTON",42.37850208962342,-71.05813292659333
525,"RUGGLES, BOSTON",42.3365581,-71.0892701
526,"FLOYD, BOSTON",42.28875041315864,-71.08719267188533
527,"LYNN STREET, BOSTON",42.364842914686,-71.05780807965357
528,"GRANITE STREET, BOSTON",42.2462086,-71.0048428
529,"GARFIELD, BOSTON",42.246954120315465,-71.12146025922914
530,"PARK DRIVE, BOSTON",42.34175605434252,-71.09681789958127
531,"OLD NAVY, BOSTON",42.3272157,-71.0639846
532,"BOYD STREET, BOSTON",42.30025680904554,-71.06838827190913
533,"O'BRIEN COURT, BOSTON",42.37773979076419,-71.05489441795952
534,"20 BISHOP JOE L SMITH WAY, BOSTON",42.3066087,-71.0808906
535,"ENGLEWOOD, BOSTON",42.33797475469512,-71.14814880689248
536,"DENNISON STREET, BOSTON",42.317553931741294,-71.09303282035802
537,"BROAD STREET, BOSTON",42.35761226532259,-71.0531322342843
538,"LINCOLN STREET, BOSTON",42.259048558609344,-71.12053513604637
539,"S WALTER STREET, BOSTON",42.28772209250866,-71.134011170833
540,"WINTHROP PD, BOSTON",,
541,"EXETER STREET, BOSTON",42.348706900720686,-71.0791067728151
542,"BOYLSTON SQUARE, BOSTON",42.351972689370335,-71.06327619319644
543,"CALUMET STREET, BOSTON",42.32958098532705,-71.10197765709115
544,"DISTRICT WIDE, BOSTON",,
545,"ABBOTSFORD STREET, BOSTON",42.31455763267237,-71.0924225258395
546,"RICHMOND STREET, BOSTON",42.36256680311042,-71.05339239749664
547,"HARVARD AVENUE, BOSTON",42.3504313,-71.1310251
548,"CONSTELLATION WHRF, BOSTON",42.3740551,-71.049719
549,"BRAGDON STREET, BOSTON",42.31783710994309,-71.09750739085942
550,"GLEN LANE, BOSTON",42.30474464990303,-71.09096527734428
551,"BUNKER HILL, BOSTON",42.3812082,-71.0606068
552,"LOUDER'S, BOSTON",42.305171044429464,-71.12711314254044
553,"CLEARWATER DRIVE, BOSTON",42.27566141553997,-71.07533236464691
554,"GUILD STREET, BOSTON",42.326647707058605,-71.08893924110019
555,"KILBY STREET, BOSTON",42.358400608891685,-71.05563595740917
556,"BREMEN STREET, BOSTON",42.371394499519745,-71.03598543943092
557,"D STREET, BOSTON",42.347718376852065,-71.04035686479405
558,"FOREST HILLS STREET, BOSTON",42.301541244866435,-71.10595903937585
559,"DABNEY, BOSTON",42.324470071694925,-71.08375475779661
560,"WOODS MULLIN, BOSTON",,
561,"GARRISON STREET, BOSTON",42.34603716202431,-71.07978521134973
562,"ENTERPRISE STREET, BOSTON",42.32325741391958,-71.06149446799098
563,"INDEPENDENCE DRIVE, BOSTON",42.29702488366559,-71.15767390816154
564,"UTICA PLACE, BOSTON",,
565,"PEQUOT STREET, BOSTON",42.33251943068711,-71.10595639275337
566,"DOUGLASS PARK, BOSTON",42.33826142023492,-71.08358682572621
567,"CAMELOT COURT, BOSTON",42.35017825598578,-71.14108511380756
568,"FORT AVENUE, BOSTON",42.32577136541265,-71.09466484503609
569,"WESTMINSTER STREET, BOSTON",42.26493751372892,-71.11431326794799
570,"HANOVER AVENUE, BOSTON",42.365751439700205,-71.05222351393918
571,"FANEUIL HALL SQUARE, BOSTON",42.36020624758651,-71.05620355923455
572,"COMMERCIAL WHRF E, BOSTON",42.36274426482209,-71.05126377735127
573,"LANE, BOSTON",,
574,"MASS AV CONNECTOR, BOSTON",,
575,"BEFORE EXIT 18, BOSTON",,
576,"RAMP - RUTHERFORD AVENUE, BOSTON",,
577,"BARDMAN STREET, BOSTON",,
578,"SYLVIA, BOSTON",42.310562419536375,-71.1028285292087
579,"SAFFORD STREET, BOSTON",42.26641313866293,-71.11487866896321
580,"CENTRE AVENUE, BOSTON",42.29274323975517,-71.06321402378491
581,"DEVINE WAY, BOSTON",42.32859721053939,-71.05414148330648
582,"CLARE, BOSTON",53.0315387,-8.9314658
583,"ROSEMONT, BOSTON",42.26501115283588,-71.10472683327262
584,"ALLSTATE, BOSTON",42.32519870470935,-71.06416950501344
585,"COVINGTON, BOSTON",31.4679429,-86.4819065
586,"JFK LIBRARY, BOSTON",42.316179250000005,-71.03402572416168
587,"BICKNELL STREET, BOSTON",42.29746524023077,-71.08275789309354
588,"DEXTER STREET, BOSTON",42.33032953164397,-71.0576180998687
589,"FOX STREET, BOSTON",42.30652007087887,-71.0629036390163
590,"ESTABROOK ROAD, BOSTON",42.33206118203457,-71.08478904540107
591,"STIMSON STREET, BOSTON",42.2615632746306,-71.16091074829785
592,"PINECLIFF ROAD, BOSTON",42.26571245769886,-71.15372305950712
593,"HILDA STREET, BOSTON",52.986018216098884,-0.016829760317335112
594,"NEWBURG, BOSTON",42.28364451552808,-71.1411120185881
595,"MONSIGNOR REYNOLDS WAY, BOSTON",42.34044060280283,-71.06970676480525
596,"BLANVON ROAD, BOSTON",42.2911772014116,-71.11840754692162
597,"SNOW EMER, BOSTON",,
598,"ANTRIM, BOSTON",42.38751562385069,-71.00573032340942
599,"SNOW REMOVAL, BOSTON",,
600,"RHODES ROAD, BOSTON",,
601,"NEWMARKET, BOSTON",42.3275642,-71.065583
602,"MARKET, BOSTON",,
603,"CHARLAME 8HFK50, BOSTON",,
604,"W CANTON STREET, BOSTON",42.34500066896167,-71.07676256019185
605,"COAST GAURD, BOSTON",,
606,"AYR ROAD, BOSTON",42.33683605998152,-71.14880287655032
607,"BMC POLICE ROOM, BOSTON",,
608,"ANDREW, BOSTON",42.3300185,-71.0571623
609,"BELLVISTA ROAD, BOSTON",42.34570214847634,-71.13666433899348
610,"SEABORN STREET, BOSTON",42.29168627671002,-71.06898806857032
611,"ALCORN STREET, BOSTON",42.35260992699245,-71.12309401203876
612,"RUSKINDALE ROAD, BOSTON",42.268123412370876,-71.10676033982391
613,"ORIENT AVENUE, BOSTON",42.390279461099,-71.00469020401938
614,"BARRY PARK, BOSTON",42.309230125107945,-71.06726461041477
615,"DWIGHT STREET, BOSTON",42.3443478782656,-71.06895804841919
616,"NEPONSET AVENUE, BOSTON",42.287732657331425,-71.04655689211128
617,"CLAREMONT, BOSTON",42.342710596442345,-71.08169416957134
618,"ELDRIDGE ROAD, BOSTON",42.29243698627541,-71.11526020464268
619,"GEORGE STREET, BOSTON",42.32617234926875,-71.07285845219224
620,"THORNTON, BOSTON",42.324233780235105,-71.09038488156794
621,"PUBLIC ALLEY NO 804, BOSTON",,
622,"HUNTER STREET, BOSTON",42.37653224183231,-71.05640418239672
623,"ROCKLAND STREET, BOSTON",42.25708072046041,-71.15767557717774
624,"HALLET STREET, BOSTON",42.280886063661534,-71.04758531186768
625,"PLAYSTEAD ROAD, BOSTON",42.30964632768186,-71.05171977200396
626,"LOGAN AIRPORT TERMINAL, BOSTON",42.36637534288489,-71.0202435353793
627,"TRUMAN PARKWAY, BOSTON",42.24085781321252,-71.12605068689126
628,"OAKLAND STREET, BOSTON",42.35112603581785,-71.15846363588868
629,"HEREFORD STREET, BOSTON",42.349162276884385,-71.08585608288725
630,"BOWDOIN PARK, BOSTON",42.30619286523145,-71.06767578669341
631,"SAVIN HILL AVENUE, BOSTON",42.31286097035952,-71.05804352046935
632,"BURBANK STREET, BOSTON",42.34442164826101,-71.08846790572754
633,"JAMES O'NEILL STREET, BOSTON",42.330407550000004,-71.0518385
634,"GLENVILLE TERRACE, BOSTON",42.35129794626636,-71.13104779874668
635,"JAMAICA POND, BOSTON",42.31767505,-71.12030080800898
636,"ASHFORD STREET, BOSTON",42.35432970067504,-71.12903450010074
637,"FANUEIL HALL, BOSTON",,
638,"BURNETT STREET, BOSTON",42.30471174394889,-71.11041165447477
639,"COAST GUARD BASE, BOSTON",42.36796965,-71.05261600690498
640,"MASS PIKE I90, BOSTON",42.3483152,-71.06649061368455
641,"COMET PLACE, BOSTON",42.33676389020484,-71.07792827520969
642,"WILLIAM F MCCLELLAN HIGHWAY, BOSTON",42.394489517961986,-71.01062510122206
643,"CLEVEMONT AVENUE, BOSTON",42.35454525642976,-71.1384062588826
644,"VANCOUVER STREET, BOSTON",42.33635742815432,-71.09753149500418
645,"ROBERT STREET, BOSTON",42.288220669445586,-71.13461773886644
646,"PRINCETON STREET, BOSTON",42.37873048491724,-71.0327675012426
647,"PARISH, BOSTON",29.8832629,-92.0556795
648,"BRADLEE STREET, BOSTON",42.26971252946312,-71.11737238557373
649,"JOSEPH AGRI, BOSTON",42.332310250000006,-71.03528607581029
650,"LAWRENCE, BOSTON",,
651,"ROANOKE, BOSTON",42.27135006879889,-71.11128156032815
652,"COBDEN, BOSTON",42.31709682714686,-71.09480837122805
653,"BLOSSOM, BOSTON",52.9195329,-0.0229808
654,"HAZLETON, BOSTON",42.28079032130174,-71.09637839275756
655,"GREENWOOD AVENUE, BOSTON",42.26511357168579,-71.11965237110799
656,"WILLIAM CARDINAL O'CONNEL, BOSTON",,
657,"LAKE STREET, BOSTON",42.34587973896705,-71.16248601736956
658,"ALPINE, BOSTON",42.32548689529713,-71.08685103734409
659,"ANDREW P MCARDLE, BOSTON",,
660,"PARK, BOSTON",33.69700665,-117.77549615000001
661,"ROXBURY STREET, BOSTON",42.330145106047425,-71.09091912808874
662,"ABBOT ST 3, BOSTON",42.29755910741634,-71.08681389940207
663,"KENDALL STREET, BOSTON",42.336342693101884,-71.0823181068898
664,"WESTCOTT, BOSTON",42.29322980228859,-71.07888317126289
665,"JOY STREET, BOSTON",42.36060040159008,-71.06510752205132
666,"HARRISHOF STREET, BOSTON",42.31698613989332,-71.0890996569415
667,"HEAD PLACE, BOSTON",42.352800183733336,-71.06391028672009
668,"SCHROEDER PLACE, BOSTON",,
669,"CHARLAME STREET, BOSTON",42.31949197048805,-71.08481238146433
670,"CYPHER, BOSTON",42.3430317623937,-71.05040734278104
671,"LOMASNEY WAY, BOSTON",42.36463394394238,-71.06355365625012
672,"BATTERY WHARF, BOSTON",42.36715285,-71.05035687384179
673,"FANEUIL, BOSTON",42.3600335,-71.05623415
674,"LAFAYETTE PARK, BOSTON",,
675,"BORDER STREET, BOSTON",42.37314161860201,-71.04107625444102
676,"MYSTIC STREET, BOSTON",42.34005965665328,-71.0707945114113
677,"VFW PARKWAY, BOSTON",42.29643606675492,-71.14735229578376
678,"COLUMBUS, BOSTON",,
679,"O'BRIEN, BOSTON",42.37773979076419,-71.05489441795952
680,"COUNTRYSIDE DRIVE, BOSTON",42.27651579150794,-71.0772634975998
681,"SUPERIOR, BOSTON",,
682,"BRENTWOOD STREET, BOSTON",42.36032745578481,-71.1337024987288
683,"DIXWELL STREET, BOSTON",42.31434368738035,-71.09789032746485
684,"EVANS, BOSTON",42.33656325,-71.07166613452571
685,"CRESTHILL ROAD, BOSTON",42.35619139430968,-71.15749622310909
686,"CLAREMONT PARK, BOSTON",42.34208155520638,-71.08117382480208
687,"E SPRINGFIELD STREET, BOSTON",42.33621351352775,-71.07540816756463
688,"BURKE STREET, BOSTON",42.33727528745177,-71.08525386411034
689,"MYSTIC, BOSTON",42.399875,-71.0897938
690,"ROCKWELL, BOSTON",42.28339662273651,-71.07388848395065
691,"BABCOCK STREET, BOSTON",42.3516104,-71.1199247
692,"5 REVERE STREET, BOSTON",42.310403819989,-71.11036067445104
693,"LYNDE S, BOSTON",42.36148416623654,-71.06440028942023
694,"S SYDNEY STREET, BOSTON",42.31111176651935,-71.05388513922858
695,"BROMLEY STREET, BOSTON",42.3258958140497,-71.09949728201187
696,"HUMBOLDT, BOSTON",42.33080281596948,-71.05738434241785
697,"MEEI, BOSTON",,
698,"WILDWOOD, BOSTON",42.28345984860075,-71.08787134179735
699,"ELMHILL, BOSTON",,
700,"ALFORD, BOSTON",42.38492035,-71.0737639
701,"EDGERLY, BOSTON",42.345819049277424,-71.08792490146463
702,"FIRST STREET, BOSTON",42.2744145,-71.122038
703,"PERTHSHIRE, BOSTON",42.35375579523845,-71.16738840102947
704,"KING STREET, BOSTON",42.29246812321334,-71.05995427413751
705,"MILDRED, BOSTON",42.3247784,-71.10168320008464
706,"CORTES, BOSTON",42.348285814719844,-71.0704159083206
707,"PUBLIC ALLEY NO 719, BOSTON",,
708,"CHARLES RIVER AVENUE, BOSTON",42.37056330762822,-71.06077921330758
709,"SEAPORT BOULEVARD, BOSTON",42.35112245098555,-71.04422268749383
710,"RUTHVEN, BOSTON",42.31271388595642,-71.09011655973724
711,"HARBOR POINT BOULEVARD, BOSTON",42.3191071,-71.04276426128293
712,"BREMEN, BOSTON",42.3750712,-71.03078508491407
713,"MONUMENT, BOSTON",,
714,"MILTON STREET, BOSTON",42.28113829962098,-71.05147331733197
715,"DIST 5, BOSTON",,
716,"ROBEY, BOSTON",42.321917236214226,-71.0683994335802
717,"BOSTON MEDICAL CENTER PLACE, BOSTON",,
718,"MCGREEVEY, BOSTON",42.33501905315655,-71.09796989248372
719,"WASH, BOSTON",,
720,"COTTAGE STREET, BOSTON",42.36703157034893,-71.03579171885062
721,"SOUTHERN, BOSTON",14.493949242284588,121.01821713915977
722,"RUTHVEN STREET, BOSTON",42.31271388595642,-71.09011655973724
723,"HANSON STREET, BOSTON",42.343624974854364,-71.07010739511041
724,"PUBLIC ALLEY NO 430, BOSTON",,
725,"SAINT STEPHEN, BOSTON",42.341956993928534,-71.08741146745203
726,"BELLEVUE, BOSTON",42.2866423,-71.145562
727,"LANCASTER STREET, BOSTON",42.36406466957473,-71.06239834018241
728,"CHRISTOPHER STREET, BOSTON",42.29906632597411,-71.05665671137385
729,"ASHLEY STREET, BOSTON",42.38858893021223,-71.00894911620702
730,"CORNWALL STREET, BOSTON",42.312031091326695,-71.10409278088603
731,"ST ALBANS ROAD, BOSTON",42.33425595608584,-71.10689813620425
732,"KELTON STREET, BOSTON",42.34723875457689,-71.13754141164443
733,"JEWIT, BOSTON",,
734,"LEWIS STREET, BOSTON",42.36368341211395,-71.05212744267938
735,"SCHUYLER, BOSTON",42.308498110925235,-71.08572185014891
736,"DUDLEY, BOSTON",42.32674985,-71.07555660814307
737,"DERNE STREET, BOSTON",42.359419366183424,-71.06371441899721
738,"N POINT DRIVE, BOSTON",42.32115097041363,-71.04264353929496
739,"QUINCY, BOSTON",42.36020755,-71.05491278796717
740,"CRESTWOOD PARK, BOSTON",42.31795980204691,-71.0877417971855
741,"NEW HEATH STREET, BOSTON",42.32626093638885,-71.09717093856112
742,"WINSHIP PLACE, BOSTON",42.34732898683354,-71.15143900519861
743,"ANDERSON STREET, BOSTON",42.3603273000823,-71.06780181298276
744,"N HAMPTON, BOSTON",,
745,"WOODWARD PARK, BOSTON",42.31863318004275,-71.07270146317477
746,"BRACKETT STREET, BOSTON",42.35112890259291,-71.16525194615693
747,"TIBBETT'S TOWN, BOSTON",42.37778952265847,-71.06945519562603
748,"ITASCA, BOSTON",42.2751431057924,-71.100790104816
749,"HOSP BI, BOSTON",,
750,"EUSTON, BOSTON",42.34277145,-71.14747750399351
751,"COMMERCIAL WHRF W, BOSTON",42.36248324726324,-71.05151254101912
752,"WESTCLIFF DRIVE, BOSTON",,
753,"FIELD STREET, BOSTON",52.97924187608641,-0.017013500437062082
754,"GUILD ROW, BOSTON",42.328632938246436,-71.08609116802222
755,"BLACKFAN CIRCLE, BOSTON",,
756,"ALASKA STRET, BOSTON",,
757,"ROSLIN STREET, BOSTON",42.28645570134505,-71.06932698289614
758,"8 NEWBURG STREET, BOSTON",42.28588419091956,-71.13831038379372
759,"EUGENE CIRCLE, BOSTON",42.32822221346265,-71.10906926515672
760,"MGH, BOSTON",42.3611939,-71.0713371
761,"JACKSON, BOSTON",,
762,"E COTTAGE STREET, BOSTON",42.32127385026991,-71.0670684401933
763,"L STREET, BOSTON",42.33206254957737,-71.03527869191502
764,"WEST ROXBURY, BOSTON",42.278477699999996,-71.1633675365648
765,"W SPRINGFIELD STREET, BOSTON",42.33832155045467,-71.07797035898906
766,"MCCLELLAN, BOSTON",42.394489517961986,-71.01062510122206
767,"CUMSTON, BOSTON",42.33865309455655,-71.07521715894246
768,"FAN PIER, BOSTON",42.35268865,-71.04407397841486
769,"LONGWOOD AVENUE, BOSTON",42.335714886172504,-71.09981930416582
770,"O'REILLY, BOSTON",42.3462769,-71.0910513
771,"AVERY PLACE, BOSTON",42.35339703101447,-71.06313871502594
772,"ABERDEEN STREET, BOSTON",42.34639296085185,-71.10383857829675
773,"BUSINESS TERRACE, BOSTON",42.252892844879966,-71.12706082254591
774,"MARCH, BOSTON",42.2835323804726,-71.15503768044401
775,"FATHER GILDAY, BOSTON",42.337610091308434,-71.0733538941119
776,"KERR PLACE, BOSTON",42.33377638748913,-71.08478580535322
777,"BEALE STREET, BOSTON",42.28320731034556,-71.06425098843695
778,"BLAINE STREET, BOSTON",42.355796054322056,-71.13784678882033
779,"ANAWAN AVENUE, BOSTON",42.28365761201669,-71.14924654867806
780,"JEWISH WAR VETERANS MEMOR, BOSTON",,
781,"BC STADIUM, BOSTON",,
782,"ENGLEWOOD AVENUE, BOSTON",42.33797475469512,-71.14814880689248
783,"CHESTNUT AVENUE, BOSTON",42.313801916907124,-71.10843395544737
784,"CEDAR LANE WAY, BOSTON",42.35903876810399,-71.07034110763568
785,"EASTON, BOSTON",42.35966285071223,-71.13114607902669
786,"WOODBOLE AVENUE, BOSTON",42.27666582222984,-71.0822986285233
787,"HARRISON, BOSTON",,
788,"SMITH STREET, BOSTON",42.33354910800303,-71.09844810567371
789,"LAGRANGE AREA, BOSTON",,
790,"MT BOWDOIN GRN, BOSTON",42.30244445,-71.07604852665878
791,"ALGONQUIN STREET, BOSTON",42.297639758311256,-71.07440126115833
792,"MACNEIL WAY, BOSTON",42.30527154323523,-71.0705220085137
793,"ROWES WARF, BOSTON",,
794,"BINNEY STREET, BOSTON",42.337028011998704,-71.10743809745688
795,"E EAGLE STREET, BOSTON",42.381329069793004,-71.02605791665577
796,"PUBLIC ALLEY NO 431, BOSTON",,
797,"W HOWELL, BOSTON",42.32551395579474,-71.05974106500315
798,"139 BOWER STREET, BOSTON",42.32002428391607,-71.08734168747924
799,"ADAMSON STREET, BOSTON",42.358248305051326,-71.13512438919713
800,"MT PLEASANT, BOSTON",,
801,"BOURNE STREET, BOSTON",42.28940299209029,-71.11392933935414
802,"ROUTE 9, BOSTON",,
803,"PLEASANT HILL AVENUE, BOSTON",42.27656030749465,-71.07223047062784
804,"GLOUCESTER FLR 4, BOSTON",,
805,"GALLOPS ISLAND, BOSTON",42.326140300000006,-70.93804577971909
806,"HULL BAY, BOSTON",,
807,"MCLELLAN STREET, BOSTON",42.30005265372852,-71.0842749072683
808,"GEORGE R. VISC, BOSTON",,
809,"FAIRMOUNT STREET, BOSTON",42.28027957870815,-71.07567927934394
810,"SAINT JAMES, BOSTON",,
811,"PUBLIC ALLEY NO 440, BOSTON",,
812,"HILLSIDE STREET, BOSTON",42.330025284731775,-71.10093999560854
813,"O'CONNOR WAY, BOSTON",42.32785039923009,-71.05601447349463
814,"HAROLD PARK, BOSTON",42.31919044833835,-71.08764751605855
815,"PUBLIC ALLEY NO 426, BOSTON",,
816,"BRIGHTON DAY PARADE, BOSTON",,
817,"COPLEY SQUARE, BOSTON",42.3499921,-71.07640950207518
818,"WENTWORTH STREET, BOSTON",42.287801334465236,-71.07533619656735
819,"CAHNERS PLACE, BOSTON",42.34799213641549,-71.07271591540776
820,"PUBLIC ALLEY NO 435, BOSTON",,
821,"STATE, BOSTON",42.3588043,-71.0577716
822,"LAMBERT, BOSTON",42.32825325517713,-71.090892030199
823,"SUNNYSIDE, BOSTON",52.9640658,0.0322372
824,"COMM AVENUE, BOSTON",,
825,"BEECHLAND CIRCLE, BOSTON",42.276532496151184,-71.13717348371428
826,"QUARRY STREET, BOSTON",,
827,"AGUADILLA STREET, BOSTON",42.3414670760737,-71.07472166374222
828,"BLUE HILL AVSCHUYLER, BOSTON",,
829,"CLEAVES STREET, BOSTON",42.31416341053276,-71.09650501005878
830,"PERKINS STREET, BOSTON",42.32144533766008,-71.12057050027698
831,"WESTVIEW, BOSTON",42.29078032283277,-71.08395735536605
832,"DALLESSIO, BOSTON",,
833,"TABER, BOSTON",42.33003445591596,-71.08267328489879
834,"5 BREMEN STREET, BOSTON",42.36735742062585,-71.03990786900074
835,"ALLSTON, BOSTON",42.3555375,-71.1327494
836,"WINTER STREET, BOSTON",42.355854953565554,-71.06138921118777
837,"DICKINSON ROAD, BOSTON",42.34837172331667,-71.16183136674206
838,"CHISWICK ROAD, BOSTON",42.3406469,-71.1509237
839,"RUTLAND SQUARE, BOSTON",42.341820078432114,-71.07811366273526
840,"REEDSDALE ROAD, BOSTON",,
841,"CITY HALL, BOSTON",,
842,"DARLINGTON STREET, BOSTON",42.289291259468655,-71.07582445884083
843,"ARCHDALE, BOSTON",42.29233435,-71.11970981046545
844,"MCLELLAN, BOSTON",42.30005265372852,-71.0842749072683
845,"GERAGHTY TERRACE, BOSTON",42.26664334159622,-71.11081399254951
846,"CLARK STREET, BOSTON",42.365014535087695,-71.05207385476123
847,"ALLEGHANY STREET, BOSTON",42.329851423706415,-71.09798644960463
848,"DAVID ORTIZ, BOSTON",42.347301607281935,-71.10032180420981
849,"ARTHUR STREET, BOSTON",42.35505350232002,-71.14231432237256
850,"FAN PIER BOULEVARD, BOSTON",42.35360487834757,-71.04550098298775
851,"FAYSTON ST 2, BOSTON",42.314048,-71.078968
852,"DENNIS STREET, BOSTON",42.32262296387395,-71.07519006365919
853,"LNG IB-DEER ISLAND, BOSTON",,
854,"DR. MICHAEL GAVIN WAY, BOSTON",,
855,"HUMPHREYS PLACE, BOSTON",42.3192084,-71.06783545
856,"TJ MAXX, BOSTON",42.3479407,-71.087815
857,"DEWITT DRIVE, BOSTON",42.33395041607791,-71.08405300074037
858,"DIST 11, BOSTON",,
859,"ASHBURTON PLACE, BOSTON",42.359237178344955,-71.06276648170748
860,"FIRTH ROAD, BOSTON",42.28789617162757,-71.12458113894863
861,"FIRTH RD  AND  WASHINGTON, BOSTON",,
862,"COMMONWEALTH AVE AND CHIS, BOSTON",,
863,"55 FAYWOOD AVENUE, BOSTON",42.390959699999996,-71.0015831
864,"JOHN F FITZGERALD SURFACE, BOSTON",42.36010990057499,-71.05272545043124
865,"ALLSTAE, BOSTON",,
866,"KENNEBEC AVENUE, BOSTON",,
867,"CENTRAL STREET, BOSTON",42.35883848037492,-71.0529823207741
868,"CLIPPER SHIP, BOSTON",42.369038336012935,-71.04119858284176
869,"MORRISSEY BOULEVARD, BOSTON",42.30186491773002,-71.04859686235895
870,"SOUTHERN AVENUE, BOSTON",42.29081230563847,-71.07245799345563
871,"HASTINGS STREET, BOSTON",42.28683308761349,-71.15747321614212
872,"BROOKS STREET, BOSTON",42.35398295997573,-71.16293670727215
873,"LNG TANKER, BOSTON",,
874,"WALDEMAR AVENUE, BOSTON",42.39181226441172,-71.00210362675341
875,"W MILTON PLACE, BOSTON",42.239796187249624,-71.14027437858691
876,"ALLSTATE RD. THE STOP  AN, BOSTON",,
877,"FLORIAN STREET, BOSTON",42.28795338263906,-71.11693914378019
878,"WASH ST MBTA BUS DEPOT, BOSTON",,
879,"AMORY, BOSTON",42.3509874,-71.1147441
880,"DE SOTO ROAD, BOSTON",42.26110442188228,-71.15331852735285
881,"ELIOT, BOSTON",42.3594854,-71.0730680897436
882,"HAMDEN, BOSTON",41.2236028,-73.0726863
883,"MONSIGNOR LYDON WAY, BOSTON",42.289022344685776,-71.05989354567008
884,"BLOSSOM COURT, BOSTON",42.36431922120573,-71.06733679643536
885,"SHEPARD STREET, BOSTON",42.34700621226956,-71.15049993198059
886,"ROXBURY, BOSTON",42.3248426,-71.0950158
887,"INNER HARBOR LANE, BOSTON",,
888,"PUBLIC ALLEY NO 810, BOSTON",,
889,"COLBORNE ROAD, BOSTON",42.3445640672602,-71.14890889935961
890,"FIDELIS WAY, BOSTON",42.34612253050019,-71.14451925639668
891,"MAMELON CIRCLE, BOSTON",42.27110291556278,-71.08912333527039
892,"MAV SQUARE, BOSTON",,
893,"AMORY AVENUE, BOSTON",42.320664644974414,-71.10003060243841
894,"MASCOMA STREET, BOSTON",42.31204584173119,-71.07515504210764
895,"DAVID ORTIZ DRIVE, BOSTON",42.347301607281935,-71.10032180420981
896,"LONG ISLAND, BOSTON",42.3205153,-70.96607237897645
897,"BOSTON UNIVERSITY, BOSTON",42.350421499999996,-71.10322831831216
898,"GREEN STREET, BOSTON",42.3103718,-71.1076496
899,"LOGAN, BOSTON",,
900,"ESMOND STREET, BOSTON",42.29868597333567,-71.08519371649955
901,"AQUADILLA STREET, BOSTON",,
902,"PUB ALLEY 403, BOSTON",,
903,"PARK STREET, BOSTON",42.3563732,-71.0624614
904,"DELHI STREET, BOSTON",42.27577312382527,-71.0899228082741
905,"BATCHELDER STREET, BOSTON",42.32244630453985,-71.06910092803841
906,"LOGAN STREET, BOSTON",42.32607853399041,-71.09041769146346
907,"SPECTALE ISLAND, BOSTON",,
908,"INXS MATE, BOSTON",,
909,"NEWCROFT CIRCLE, BOSTON",42.271884404014564,-71.08449809760776
910,"MISHAWUM STREET, BOSTON",42.38334894510136,-71.0724425803172
911,"E HUMPHREYS STREET, BOSTON",42.31963785,-71.06644709504107
912,"CAMP HARBOR VIEW, BOSTON",,
913,"BERRY STREET, BOSTON",42.287342083302825,-71.04217404233258
914,"ALPHEUS ROAD, BOSTON",42.270854363550164,-71.12849483851326
915,"FRAWLEY STREET, BOSTON",42.332512861303876,-71.10795491925397
916,"CHARLES, BOSTON",,
917,"COMM, BOSTON",40.4246774,-3.7008177
918,"CAPEN STREET, BOSTON",42.28087647603706,-71.07887997780114
919,"TD GARDEN, BOSTON",42.3662986,-71.06216222263835
920,"CASTLE ISLAND, BOSTON",42.3372832,-71.01127392049139
921,"NELSON DRIVE, BOSTON",,
922,"NIX'S MATE, BOSTON",42.3573743,-71.052889
923,"PARIS STREET, BOSTON",42.375683327772535,-71.0338305399555
924,"E STREET, BOSTON",42.343510162081415,-71.0426496603603
925,"EGLESTON STREET, BOSTON",42.314541598351624,-71.10062363270096
926,"GENERAL LAWRENCE LOGAN WAY, BOSTON",,
927,"0 MASS AVENUE, BOSTON",,
928,"DIST 6, BOSTON",,
929,"B STREET, BOSTON",42.341192911319105,-71.05346576885192
930,"AMERICAN LEGION, BOSTON",42.3710712,-71.0394228
931,"MONTGOMERY STREET, BOSTON",42.34384630395053,-71.07305786309234
932,"BRINSLEY STREET, BOSTON",42.30509291838081,-71.07878127405439
933,"L&G, BOSTON",4.6333333,168.7166667
934,"NORTH SHORE ROAD, BOSTON",,
935,"LONGFELLOW PLACE, BOSTON",42.3634997,-71.06458068542858
936,"PUBLIC ALLEY NO 423, BOSTON",,
937,"FISH PIER ROAD, BOSTON",42.350396185486325,-71.03855206346215
938,"MASSPORT HAUL ROAD, BOSTON",42.345952973653155,-71.03787898791626
939,"I 93 N, BOSTON",42.3652612496445,-71.05930712690892
940,"BPD RANGE, BOSTON",,
941,"CLIFFMOUNT STREET, BOSTON",,
942,"ERIE PLACE, BOSTON",42.313846,-71.098976
943,"BLACKFAN STREET, BOSTON",42.33930324584691,-71.10342025657043
944,"KENSINGTON STREET, BOSTON",42.320621163100085,-71.09108397035794
945,"CASS, BOSTON",42.333606950000004,-71.08193407890096
946,"PUBLIC ALLEY NO 441, BOSTON",,
947,"WELD STREET, BOSTON",42.29339754288762,-71.14842765542932
948,"MONASTERY PATH, BOSTON",42.34884664584959,-71.14449179164917
949,"TOWN OF REVERE, BOSTON",,
950,"ARBORWAY TERRACE, BOSTON",42.30918845836916,-71.11953421375138
951,"DACIA, BOSTON",42.31500994544227,-71.07731376520839
952,"PELTON STREET, BOSTON",42.28232605053594,-71.14821458135903
953,"MARYKNOLL STREET, BOSTON",42.27563895202261,-71.07839398379662
954,"N TUN, BOSTON",,
955,"ADAMS TERRACE WAY, BOSTON",,
956,"FALKLAND STREET, BOSTON",42.35568528889145,-71.15879752191819
957,"BOSTON MEDICAL CENTER PLAZA, BOSTON",,
958,"ESMOND, BOSTON",42.29868597333567,-71.08519371649955
959,"HARVARD STADIUM, BOSTON",42.366736,-71.12673248126751
960,"E 8 STREET, BOSTON",,
961,"S MARKET STREET, BOSTON",42.3601223,-71.05351955
962,"PROVINCE COURT, BOSTON",42.357077603424784,-71.05974463106195
963,"S WAVERLY STREET, BOSTON",42.359438843283165,-71.14216659388462
964,"GEN, BOSTON",47.1796487,-88.5292875
965,"BOWDOIN PK, BOSTON",42.30619286523145,-71.06767578669341
966,"CRESTON PARK, BOSTON",42.312528,-71.07924750000001
967,"LAREDO, BOSTON",42.30841244690364,-71.0780796971914
968,"TACOMA STREET, BOSTON",42.268118493591686,-71.1136141286778
969,"BLUE LEDGE DRIVE, BOSTON",42.27615931509013,-71.13777750517053
970,"TRUMAN HIGHWAY, BOSTON",,
971,"GORDON ROAD, BOSTON",42.939371101065156,-85.30385640054496
972,"29 HARLOW STREET, BOSTON",42.319658000000004,-71.07254528571428
973,"RICHFIELD STREET, BOSTON",42.308497998983,-71.07207159958878
974,"BRANCH AVENUE, BOSTON",,
975,"COURT, BOSTON",47.8526164,-122.56799600299486
976,"LEON STREET, BOSTON",42.33761905291974,-71.09103461698366
977,"COTTING STREET, BOSTON",42.36705395,-71.12453375050316
978,"HOMESTEAD STREET, BOSTON",42.31201297816773,-71.090739935375
979,"LESLIE PARK, BOSTON",42.32184421729228,-71.08581531081785
980,"JUDSON STREET, BOSTON",42.31887473078301,-71.07545837625507
981,"N CRESCENT CIRCUIT, BOSTON",42.349009654881534,-71.16694342021437
982,"FARADAY STREET, BOSTON",42.24401250466547,-71.12369155319546
983,"BUTTONWOOD STREET, BOSTON",42.31996321177422,-71.05583422561205
984,"GRANADA AVENUE, BOSTON",42.2777694986584,-71.12870671616123
985,"CONLEY STREET, BOSTON",42.29268192829354,-71.04387478033354
986,"SPARHAWK STREET, BOSTON",42.3508701482009,-71.14950647156101
987,"RIDGECREST, BOSTON",42.26344126710774,-71.15363366515392
988,"DIX STREET, BOSTON",42.295640811304686,-71.05905322571286
989,"WALDREN ROAD, BOSTON",42.315507492156215,-71.09521419231537
990,"FLEET, BOSTON",42.34084285,-71.06145686002218
991,"GAYLAND STREET, BOSTON",42.319897655933104,-71.07615579186123
992,"BRIGHAM, BOSTON",42.3356871,-71.10603595371349
993,"SUMNER PARK, BOSTON",42.3167695,-71.06277324999999
994,"FULTON PLACE, BOSTON",,
995,"BELLFLOWER STREET, BOSTON",42.32444190749629,-71.05812253448178
996,"GENENA AVENUE, BOSTON",,
997,"HARVARD PLACE, BOSTON",42.357140150132636,-71.05891989992864
998,"BR-CHELSEA STREET, BOSTON",42.386881450000004,-71.02305960000001
999,"ARUNDEL STREET, BOSTON",42.34757053888086,-71.10354454922337
1000,"HAMMOND STREET, BOSTON",42.335883453889984,-71.0829585832738
1001,"CORMAN ROAD, BOSTON",42.27179906838189,-71.10165078566902
1002,"NEW RUTHERFORD AVENUE, BOSTON",42.37573569076433,-71.06875118678796
1003,"MONSIGNOR JOHN J. O'DONNE, BOSTON",,
1004,"I93, BOSTON",42.3554334,-71.060511
1005,"BRIMMER STREET, BOSTON",42.35659375035636,-71.07165676850113
1006,"REDDY AVENUE, BOSTON",42.26234562412179,-71.11157583062833
1007,"SUNDERLAND STREET, BOSTON",42.31052419383114,-71.08261623263894
1008,"INDIA STREET, BOSTON",42.35840480282237,-71.0531516048179
1009,"WESTVILLE STREET, BOSTON",42.30164955344045,-71.06484492622656
1010,"SOUTHAMPTON, BOSTON",42.333324,-71.06072546370935
1011,"BULFINCH PLACE, BOSTON",42.361697238666075,-71.06161884611306
1012,"BWH, BOSTON",,
1013,"MCCLELLAN HIGHWAY, BOSTON",42.394489517961986,-71.01062510122206
1014,"GUILT, BOSTON",,
1015,"BUICK STREET, BOSTON",42.35184489278247,-71.11562991629017
1016,"HAMDEN STREET, BOSTON",,
1017,"S FAIRVIEW STREET, BOSTON",42.287810848382264,-71.13151471220498
1018,"COLUMBIA STREET, BOSTON",38.76131812569675,-82.93342432082129
1019,"FAIRVIEW STREET, BOSTON",42.28939611022211,-71.13001140152566
1020,"OAKDALE STREET, BOSTON",42.312541896078855,-71.10672713946171
1021,"COLBURN STREET, BOSTON",42.33167706032284,-71.11141132912462
1022,"BROOKLINE, BOSTON",42.34279862722813,-71.07612035582962
1023,"ARSENAL STREET, BOSTON",42.361716,-71.14750864999999
1024,"PAUL GORE, BOSTON",42.3184474,-71.10659479413499
1025,"GARFIELD AVENUE, BOSTON",42.246954120315465,-71.12146025922914
1026,"CHURCH STREET, BOSTON",42.30859129721946,-71.062661109088
1027,"TOBIN, BOSTON",42.38484455,-71.04760875
1028,"PUBLIC ALLEY NO 715, BOSTON",,
1029,"GREENVILLE, BOSTON",42.327246273641975,-71.08058326818158
1030,"COLLEGE AVENUE, BOSTON",42.33944458463561,-71.16405415615233
1031,"PINCKNEY STREET, BOSTON",42.35884605204014,-71.06769663883247
1032,"GROVE SQUARE, BOSTON",42.359213236063475,-71.0686023649167
1033,"50 FOODMART ROAD, BOSTON",42.33495,-71.06236799999999
1034,"ST JAMES, BOSTON",52.9736255,0.04967468285923887
1035,"LOGAN WAY, BOSTON",42.32833415553079,-71.05538443206571
1036,"GLENDOWER, BOSTON",42.27562823080002,-71.13143485668719
1037,"SEAPORT, BOSTON",42.3502036,-71.0427412
1038,"SCOTIA, BOSTON",42.346862151606935,-71.08577238181526
1039,"CANAL, BOSTON",,
1040,"ALLANDALE ROAD, BOSTON",42.3038293120327,-71.14362782189632
1041,"FLOYD STREET, BOSTON",42.28875041315864,-71.08719267188533
1042,"EUTAW STREET, BOSTON",42.379567336054926,-71.03669115562107
1043,"STONYBROOK, BOSTON",42.252515,-71.1423627
1044,"LOGAN AIRPORT, BOSTON",42.36317665,-71.01364006269452
1045,"LOGAN AIRPORT TRM, BOSTON",,
1046,"EDWARDS SCH-CHARLESTOWN, BOSTON",,
1047,"LNG INBOUND, BOSTON",,
1048,"MILDRED SCHOOL, BOSTON",42.27582625,-71.0913064440368
1049,"ROX, BOSTON",42.2791237,-71.1661131
1050,"0 BURRELL, BOSTON",42.32305807000297,-71.07032931684145
1051,"COASTGUARD BASE, BOSTON",,
1052,"ST ELIZABETH HOSP, BOSTON",,
1053,"DEVON STREET, BOSTON",42.31114689966042,-71.08228483036243
1054,"TAGGING AREA WIDE, BOSTON",,
1055,"UNION, BOSTON",42.3513534,-71.131368
1056,"SEVENTH AVENUE, BOSTON",42.3150576,-71.05601547408213
1057,"CLIFFORD PK AREA, BOSTON",,
1058,"LOVEJOY, BOSTON",42.3674399,-71.0601013
1059,"FORT POINT CHANNEL, BOSTON",42.3509521315948,-71.05182077468564
1060,"O'DONNELL, BOSTON",42.29446056176597,-71.06027060785341
1061,"BRADSHAW STREET, BOSTON",42.29867689754487,-71.08296746152101
1062,"WESTGATE DRIVE, BOSTON",55.1713877,-118.8368131
1063,"MOUNTAIN AVENUE, BOSTON",42.285109155249046,-71.08544131680875
1064,"LNG OUT BOUND, BOSTON",,
1065,"LEWIS, BOSTON",,
1066,"GARDEN, BOSTON",7.0439434,125.7285583
1067,"MT VERNON, BOSTON",42.374570750000004,-71.05796812335285
1068,"LATTIMORE COURT, BOSTON",42.33669842830781,-71.08213010086497
1069,"BUSTBUY, BOSTON",,
1070,"EDGEWOOD, BOSTON",42.3181469233224,-71.07973049906312
1071,"KINGSTON, BOSTON",42.35283421813158,-71.0594371582417
1072,"BROADLAWN, BOSTON",42.303021439630314,-71.1645197995379
1073,"CASTLECOURT, BOSTON",,
1074,"LNG-INNER HARBOR SECURITY, BOSTON",,
1075,"CULBERT, BOSTON",42.273724495204185,-71.09450638623268
1076,"GOODENOUGH STREET, BOSTON",42.35656621857157,-71.15408546664105
1077,"MATTAPAN, BOSTON",42.2723208,-71.0869953
1078,"EVELYN STREET, BOSTON",42.27934395143741,-71.09132305362711
1079,"CHARLESGATE, BOSTON",42.3475239,-71.09241455
1080,"BUNKER HILL INDUSTRIAL, BOSTON",42.379018650000006,-71.07208967495018
1081,"OLD CALLAHAN, BOSTON",,
1082,"BEACON ST CR MILTON, BOSTON",42.25613899724381,-71.11175677241003
1083,"CROSS, BOSTON",,
1084,"BATCHELDER, BOSTON",42.32244630453985,-71.06910092803841
1085,"SUNCREST ROAD, BOSTON",42.26494139010327,-71.10103738811237
1086,"150 1, BOSTON",42.3554334,-71.060511
1087,"INBOUND LANE, BOSTON",,
1088,"PROVIDENCE HIGHWAY, BOSTON",,
1089,"MISSION PK DRIVE, BOSTON",42.33406873035819,-71.10731860160331
1090,"BARTLETT CRES, BOSTON",,
1091,"PUOPOLO, BOSTON",42.368484949999996,-71.05506312854271
1092,"ELLIS, BOSTON",42.343630649999994,-71.0871233443723
1093,"SURFACE ROAD, BOSTON",42.36010990057499,-71.05272545043124
1094,"POST OFFIC, BOSTON",,
1095,"JULIAN, BOSTON",42.318941697542144,-71.07452780336523
1096,"BROOKWAY ROAD, BOSTON",42.291775163193996,-71.12029765462644
1097,"COMMONWELATH AVENUE, BOSTON",,
1098,"WINTHROP, BOSTON",42.3537741,-71.0749789
1099,"STOCKWELL, BOSTON",42.33213707189158,-71.10724717550582
1100,"ADDELAIDE PLACE, BOSTON",,
1101,"LONGFELLOW, BOSTON",42.3614598,-71.07460093497195
1102,"STATION, BOSTON",52.97781425,-0.03267935904497099
1103,"42 LAWRENCE AVENUE, BOSTON",42.3125587,-71.0774306
1104,"BOUNDARY ROAD, BOSTON",-34.68744489793003,135.845631419277
1105,"WESTVIEW ST AND AMES, BOSTON",,
1106,"NEW WHITNEY, BOSTON",42.33478089902414,-71.1094985329755
1107,"GREENWICH, BOSTON",42.34262083531115,-71.08051741747059
1108,"LEON, BOSTON",21.10810458759485,-101.69319302361455
1109,"DECATUR STREET, BOSTON",42.377598714799966,-71.05458386742534
1110,"TOPALIAN, BOSTON",42.26560380411778,-71.09713101574059
1111,"SHEAFE, BOSTON",42.36629941231754,-71.05577311280305
1112,"ESTEY, BOSTON",42.328064713018044,-71.10757841533429
1113,"NORTHAMPTON, BOSTON",42.34051135,-71.08287550916667
1114,"MELNEA CASS, BOSTON",42.333606950000004,-71.08193407890096
1115,"ENNEKING, BOSTON",42.257659833309205,-71.1320674729872
1116,"SPRINGFIELD, BOSTON",53.906575245068034,-1.354327197697496
1117,"4 NORTH SQUARE, BOSTON",42.3637979375,-71.05316139583333
1118,"FOLSOM, BOSTON",42.318614209794326,-71.07166380965276
1119,"STRATHMORE ROAD, BOSTON",42.33924241715474,-71.15330946513517
1120,"MARINA PARK DRIVE, BOSTON",42.35301864976278,-71.04500494248421
1121,"BROOK, BOSTON",,
1122,"WILCOCK, BOSTON",42.28689554764078,-71.0922017594614
1123,"TD, BOSTON",42.3662986,-71.06216222263835
1124,"S BETWEEN EXITS 34 AND 35, BOSTON",,
1125,"G, BOSTON",30.7918613,-83.7898868
1126,"GREENWICH STREET, BOSTON",42.303770747515586,-71.05772364629433
1127,"READVILLE, BOSTON",42.2403766,-71.1369964
1128,"NIEVES STREET, BOSTON",,
1129,"97 HUTCHINGS STREET, BOSTON",42.311410571428574,-71.09140942857142
1130,"VINE STREET, BOSTON",42.37673664074722,-71.05611085724404
1131,"VINE, BOSTON",,
1132,"PLAYSTEAD, BOSTON",42.30964632768186,-71.05171977200396
1133,"MARRIOTT COPLEY, BOSTON",42.3472309,-71.07758361909961
1134,"ALMONT, BOSTON",42.274171949999996,-71.0970473799162
1135,"ST. ELIZABETH, BOSTON",,
1136,"BROADWAY, BOSTON",42.3422419,-71.0572611
1137,"TRENTON STREET, BOSTON",42.37956042774511,-71.0346545921036
1138,"BOSTON COLLEGE, BOSTON",42.3401284,-71.1668292
1139,"SALEM, BOSTON",,
1140,"CHARTER, BOSTON",42.2455401,-71.1321278
1141,"BOYLSTON ST AND DARTMOUTH, BOSTON",,
1142,"SAVANNAH AVENUE, BOSTON",42.272857415835595,-71.10195920173453
1143,"COTTAGE, BOSTON",,
1144,"NORTHERN, BOSTON",14.725471810835584,121.01288724916775
1145,"MUSEUM SQUARE, BOSTON",,
1146,"GILBRIDE TERRACE, BOSTON",,
1147,"RAYNOR, BOSTON",42.334544474274594,-71.08705717435666
1148,"CITYHALL, BOSTON",,
1149,"RT 1A S, BOSTON",-33.8913889,18.6194444
1150,"DAY, BOSTON",42.3794155,-71.027936
1151,"FLORIDA, BOSTON",-33.5150907,-70.6087897
1152,"CHARLES GATE WEST, BOSTON",,
1153,"TUCKER, BOSTON",42.28866229347643,-71.0795480122578
1154,"W SPRINGFIELD, BOSTON",42.33832155045467,-71.07797035898906
1155,"HUDSON, BOSTON",42.3608311,-71.0186157
1156,"CEDRIC, BOSTON",42.32570805808573,-71.07129609293717
1157,"RAMSEY, BOSTON",42.317688342678444,-71.0650108734897
1158,"GUEST, BOSTON",,
1159,"ALLANDALE, BOSTON",42.30572535,-71.14395921487474
1160,"DARLINGTON, BOSTON",42.289291259468655,-71.07582445884083
1161,"EASTWOOD, BOSTON",42.26859056413221,-71.1683728482076
1162,"APPLETON, BOSTON",42.3603704,-71.07279332130378
1163,"FRANKLIN TERRACE, BOSTON",42.252291549999995,-71.11589144999999
1164,"COMERCIAL, BOSTON",37.884377549999996,-4.780150735915976
1165,"ABBOT ST BSTN, BOSTON",,
1166,"AVE DEL LAFAYETTE, BOSTON",,
1167,"FORYSTH, BOSTON",,
1168,"FEDERAL, BOSTON",-34.61421990803847,-58.508656487706475
1169,"MUNROE, BOSTON",42.292135114801226,-71.0520447774195
1170,"OXFORD, BOSTON",,
1171,"DIXWELL, BOSTON",42.31434368738035,-71.09789032746485
1172,"DUDLEY MBTA, BOSTON",,
1173,"ARKLOW STREET, BOSTON",42.3244834,-71.1045802
1174,"ADA, BOSTON",42.2808670109547,-71.12286900896974
1175,"PARADE, BOSTON",54.5853271,-5.8889701
1176,"HUTCHINGS, BOSTON",42.310841804772856,-71.09040200690342
1177,"STORROW, BOSTON",42.35562441431583,-71.07514924213025
1178,"ORLANDO STREET, BOSTON",42.27565161258221,-71.09799663488135
1179,"KNOWN TO THE COMMONWEALTH, BOSTON",,
1180,"1307 COMMONWEALTH AVENUE, BOSTON",42.348968,-71.13477288936923
1181,"MALIBU BEACH, BOSTON",42.306732049999994,-71.04724269992795
1182,"GAYLORD STREET, BOSTON",42.298399383038806,-71.0739484949057
1183,"USGC, BOSTON",,
1184,"USCG, BOSTON",,
1185,"SWALLOW, BOSTON",52.957065799999995,-0.05101468728587179
1186,"WARD, BOSTON",-29.6827587,30.0257348
1187,"UNKNOWN, BOSTON",53.9058291,-1.3488163827502249
1188,"GERARD STREET, BOSTON",42.33041627625781,-71.07214665623403
1189,"WASHING 6, BOSTON",,
1190,"YAWKEE WAY, BOSTON",,
1191,"GEORGES ISLAND, BOSTON",42.3197213,-70.92809940333143
1192,"YAWKEY WAY, BOSTON",,
1193,"CLAYMOSS ROAD, BOSTON",42.34424805814506,-71.14529379294392
1194,"OFF LOGAN AIRPORT, BOSTON",,
1195,"HAVARD STREET, BOSTON",,
1196,"WOODBINE, BOSTON",52.9501024,0.0203722
1197,"LIBRARY, BOSTON",,
1198,"FENWOOD, BOSTON",42.3336254,-71.1059084
1199,"54, BOSTON",-34.75575520408164,-58.374605653061224
1200,"NIGHTTINGALE, BOSTON",,
1201,"NEW CHARDON ST GARAGE, BOSTON",,
1202,"BOURNESIDE STREET, BOSTON",42.2969026926794,-71.06268003636131
1203,"CITY HALL PLAZA, BOSTON",42.3603228,-71.0590984
1204,"MOON, BOSTON",,
1205,"THANE, BOSTON",19.27464435,72.9630070458866
1206,"BROAD, BOSTON",,
1207,"BEACH, BOSTON",,
1208,"CANTON STREET, BOSTON",42.34500066896167,-71.07676256019185
1209,"CODMAN, BOSTON",42.2799573,-71.06283087363056
1210,"BEACON 4GJ766, BOSTON",,
1211,"TARGET, BOSTON",42.299241,-71.062748
1212,"ALVESTON, BOSTON",42.31136166450898,-71.11201475922957
1213,"WESTMINSTER, BOSTON",42.34692045009805,-71.15318242378181
1214,"WORCESTER, BOSTON",42.3406606,-71.07972076919253
1215,"JEWISH WAR VETERANS, BOSTON",42.30089702213985,-71.10618513653415
1216,"KEEGAN, BOSTON",42.32979000504269,-71.07626194757441
1217,"CHESTNUT HILL, BOSTON",42.9395288,-71.6181267
1218,"EDWARDS, BOSTON",42.379479849999996,-71.068396550172
1219,"GREENWOOD, BOSTON",,
1220,"HEMENWAY, BOSTON",42.29146405,-71.05620130559399
1221,"CHESTERTON, BOSTON",42.33011773893582,-71.0708805402301
1222,"EXETER, BOSTON",42.3506354,-71.0796392
1223,"KENMORE, BOSTON",42.3489438,-71.0952999
1224,"STATE HOUSE, BOSTON",,
1225,"LINDEN, BOSTON",,
1226,"MINOT STREET, BOSTON",42.28493354205552,-71.05000890642219
1227,"WALGREENS, BOSTON",42.374392549999996,-71.03866996223567
1228,"1915 RIVER STREET, BOSTON",42.2430354,-71.14410450833333
1229,"LONDON, BOSTON",,
1230,"FATHER JACOBEE ROAD, BOSTON",,
1231,"PEARL, BOSTON",,
1232,"COLUMUBS AVENUE, BOSTON",,
1233,"UNION PARK, BOSTON",42.34286385,-71.07144319188461
1234,"CENTRAL, BOSTON",4.79649485,-75.69443541451903
1235,"PORT NORFOLK, BOSTON",42.29014485050453,-71.0406615052298
1236,"DIST 7, BOSTON",,
1237,"EDGEWATER DR AND TOPALIAN, BOSTON",,
1238,"MARRIOTT LONG WHARF, BOSTON",42.36020035,-71.05085240455799
1239,"BAYSWATER, BOSTON",42.383528,-71.0022329
1240,"LEGENDS WAY, BOSTON",42.36575537724125,-71.06066927330255
1241,"MAIN, BOSTON",,
1242,"BRADSTON STREET, BOSTON",42.33383567272279,-71.07011229474593
1243,"AVENUE DE LAFAYETTE, BOSTON",42.353667233803776,-71.06176260744094
1244,"PUBLIC ALLEY NO 401, BOSTON",,
1245,"CEADER STREET, BOSTON",,
1246,"BOWKER STREET, BOSTON",42.36241345807141,-71.06051854672472
1247,"AGGANIS ARENA, BOSTON",42.3522233,-71.11773001441316
1248,"AGANNIS ARENA, BOSTON",,
1249,"DAVID TERRACE, BOSTON",,
1250,"MERDIAN, BOSTON",,
1251,"S HAMPTON STREET, BOSTON",,
1252,"BOSTON COMMON AREA, BOSTON",,
1253,"NAVILLUS, BOSTON",42.309988000000004,-71.06212049999999
1254,"LOPRESTI, BOSTON",42.3703295,-71.0434068
1255,"00 OLD COLONY AVENUE, BOSTON",42.324509031138305,-71.0524145224343
1256,"HOLLWORTHY STREET, BOSTON",,
1257,"SOUTHBRDGE MA, BOSTON",,
1258,"BREMAN, BOSTON",,
1259,"ARION, BOSTON",42.316338418154224,-71.06647771073366
1260,"MCKONE STREET, BOSTON",42.290430839034926,-71.04733149215707
1261,"SAINT ALPHONSUS, BOSTON",42.33197883441849,-71.10190660810812
1262,"NORTH AND UNION, BOSTON",,
1263,"KENWOOD STREET, BOSTON",42.292246334998595,-71.06940574002797
1264,"WASHINGTON ST & MLK, BOSTON",,
1265,"SCHOOL PROTEST, BOSTON",,
1266,"SB MCLELLAN, BOSTON",,
1267,"WASHINGTON ST 40, BOSTON",42.37300165,-71.06504097915612
1268,"E 4 STREET, BOSTON",,
1269,"STOCKTON STREET, BOSTON",42.28265568079227,-71.07374926632045
1270,"93 S, BOSTON",42.3554334,-71.060511
1271,"OCALLAHAN, BOSTON",,
1272,"CHARLOTTE, BOSTON",42.299455167585194,-71.08489663009343
1273,"BOSTON AVENUE, BOSTON",33.43638532151028,-94.41864725444238
1274,"SHIRLEY STREET, BOSTON",42.32439559597175,-71.07010007231835
1275,"LOUISBURG, BOSTON",42.358443699999995,-71.06876380854683
1276,"LAWNDALE STREET, BOSTON",,
1277,"HARTLAND STREET, BOSTON",42.3152007,-71.0534379
1278,"W CEDAR STREET, BOSTON",42.35831477598006,-71.06969103126237
1279,"NORFOLK STREET, BOSTON",42.27900621606676,-71.08951193415122
1280,"BURKSHIRE STREET, BOSTON",,
1281,"CABOT STREET, BOSTON",42.33340138188648,-71.08744390790675
1282,"PIER 4, BOSTON",42.37210560403857,-71.05159149141384
1283,"ELLINGTON STREET, BOSTON",42.30155246852182,-71.08116749067594
1284,"JONES AVENUE, BOSTON",42.286443104005386,-71.08284958397846
1285,"SW CORRIDOR, BOSTON",42.30237525,-71.1150222275858
1286,"RESERVE CHANNEL, BOSTON",,
1287,"E13, BOSTON",42.370869,-71.0233696
1288,"475 GENEVA AVENUE, BOSTON",42.29969523076923,-71.06532892307693
1289,"LOUISBURG SQ AREA, BOSTON",,
1290,"O'MEARA, BOSTON",42.378693180436386,-71.05855752105964
1291,"ROSSETTER, BOSTON",,
1292,"CHARLES RIVER, BOSTON",42.3693583,-71.0615679
1293,"SUDBURY ST AND CAMBRIDGE, BOSTON",,
1294,"BOSTON GARDEN, BOSTON",42.3540901,-71.07004020962789
1295,"4TH, BOSTON",14.493949242284588,121.01821713915977
1296,"186 HEATH STREET, BOSTON",42.32600881947007,-71.10490077017799
1297,"COPLEY SQ AREA, BOSTON",,
1298,"MELVILLE AVENUE, BOSTON",42.295262749087,-71.06450878623968
1299,"TALBOT AVENUE, BOSTON",42.2935384,-71.0783921
1300,"DAVID MUGAR WAY, BOSTON",42.35685117468521,-71.07279044158673
1301,"ALLANDALE STREET, BOSTON",42.301693810102094,-71.13402063785064
1302,"L ST & BROADWAY, BOSTON",42.3359652,-71.035543
1303,"EAGLE SQUARE, BOSTON",42.3811486,-71.026106
1304,"ERIE STREET, BOSTON",42.30218772021747,-71.08113250499535
1305,"TRANSPORTATION WAY, BOSTON",42.367270045422686,-71.02833741143503
1306,"NEW ENGLAD, BOSTON",,
1307,"WORCESTER ROAD, BOSTON",,
1308,"SERVICE ROAD, BOSTON",42.3699509307625,-71.0257461303901
1309,"GREENWAY, BOSTON",42.2781201,-71.0543276
1310,"RVER, BOSTON",,
1311,"CHILDRENS HOSPITAL, BOSTON",,
1312,"THIRD AVENUE, BOSTON",42.37607833367228,-71.05418807264628
1313,"RD AVENUE, BOSTON",,
1314,"KNEELAND, BOSTON",42.34989236492132,-71.05865204682901
1315,"DORCHESTER BAY, BOSTON",42.3249205,-71.0200064
1316,"E FIFTH STREET, BOSTON",42.33396600348097,-71.03461125844917
1317,"I STREET, BOSTON",42.33283328342952,-71.03988697087561
1318,"SCHRODER PLAZA, BOSTON",,
1319,"KENSINGTON PARK, BOSTON",42.3219958797847,-71.08270010707214
1320,"COLBURN, BOSTON",42.33167706032284,-71.11141132912462
1321,"TOBIB, BOSTON",,
1322,"LYNDHURST STREET, BOSTON",42.292910630636804,-71.06955603552728
1323,"HARBOR, BOSTON",,
1324,"SPRUCE STREET, BOSTON",42.35701529564209,-71.06778341222382
1325,"BLUE HILL AND AND LANDOR, BOSTON",,
1326,"NORTON STREET, BOSTON",42.24280274724688,-71.13660216105717
1327,"AVE DE LAFAYETTE, BOSTON",42.353667233803776,-71.06176260744094
1328,"GEORGE, BOSTON",8.4865544,-13.2370072
1329,"CUMMINGS HIGHWAY, BOSTON",,
1330,"ORLANDO 1 FLR, BOSTON",,
1331,"CENTRAL SQ DUNKIN DONUTS, BOSTON",,
1332,"LAWN, BOSTON",40.9216584,-74.11435605
1333,"CIRCUIT DRIVE, BOSTON",,
1334,"SPRAGUE, BOSTON",42.2334333,-71.1369479317344
1335,"15 1, BOSTON",42.3554334,-71.060511
1336,"N AFTER AIRPORT EXIT, BOSTON",,
1337,"RIVER, BOSTON",18.1596836,-76.3569311
1338,"HOWELL, BOSTON",42.325111484767135,-71.05797819852559
1339,"MAVERICK STATION, BOSTON",42.3691041,-71.0395764
1340,"CALLAHAN WAY, BOSTON",,
1341,"TREMONTST, BOSTON",,
1342,"CRESCENT CIRCLE, BOSTON",,
1343,"DIST 18, BOSTON",,
1344,"ALBAN STREET, BOSTON",42.28724146979959,-71.06633459044917
1345,"WINTHROP STREET, BOSTON",42.32244647430646,-71.07452159104781
1346,"FRANCIS, BOSTON",,
1347,"AVE LOUIS PASTEUR, BOSTON",42.33859063239084,-71.10215577487683
1348,"CROWLEY RODGERS WAY, BOSTON",,
1349,"12 BREED STREET, BOSTON",42.3871187,-71.0067506
1350,"DORCHESTER AV FIELDS CORN, BOSTON",,
1351,"KERR WAY, BOSTON",42.33362769346045,-71.08550261951382
1352,"KING BOULEVARD, BOSTON",,
1353,"CAMDEN AVENUE, BOSTON",,
1354,"COPELAND PLACE, BOSTON",42.3231315,-71.078945
1355,"TAYLOR, BOSTON",,
1356,"W BROADWAY, BOSTON",42.33765447873904,-71.04903012206594
1357,"BENNINTON STREET, BOSTON",,
1358,"ODAY PLAYGROUND, BOSTON",,
1359,"PERRY, BOSTON",,
1360,"E INDIA ROW, BOSTON",42.35795492976455,-71.05081929048322
1361,"MADISON, BOSTON",35.8406347,-93.601299
1362,"MOUNT CUSHING, BOSTON",42.31592945927724,-71.06402239614708
1363,"MAGNOLIA, BOSTON",,
1364,"PUBLIC ALLEY NO 502, BOSTON",,
1365,"MAURICE TOBIN BRIDG, BOSTON",,
1366,"555 AMORY STREET, BOSTON",42.3083944,-71.10804441135758
1367,"JIM RICE FIELD, BOSTON",42.334470350000004,-71.0810207210668
1368,"CHESTNUT W, BOSTON",30.795579552061017,-83.79842918626525
1369,"SPINELLIS, BOSTON",,
1370,"CARNEY, BOSTON",42.27713935,-71.0652916165175
1371,"ALBANY & MELNA CASE, BOSTON",,
1372,"COPLEY, BOSTON",42.35015845,-71.07727592073057
1373,"SAINT RICHARDS, BOSTON",,
1374,"12 BROOKVIEW STREET, BOSTON",42.28852469583893,-71.09048192069731
1375,"RANDOLPH, BOSTON",42.34144156427955,-71.06496269937018
1376,"AMERICAN LEGION HY, BOSTON",,
1377,"COMMON, BOSTON",,
1378,"HYDE PARK, BOSTON",42.2556543,-71.1244963
1379,"LANSDOWNE, BOSTON",42.3475107,-71.09962806232258
1380,"WILLIAM T MORRISSEY BOULEVARD, BOSTON",42.30186491773002,-71.04859686235895
1381,"774 E THIRD STREET, BOSTON",42.33668025471703,-71.0287409929211
1382,"DEADY'S, BOSTON",42.330180130867966,-71.03791263189397
1383,"BRIGHAM HOSPITAL, BOSTON",42.3356871,-71.10603595371349
1384,"GIBSON STREET, BOSTON",42.29772327444472,-71.05905935505189
1385,"1463 BLUE HILL AVENUE, BOSTON",42.2741487,-71.0938906
1386,"YAWKEY, BOSTON",42.33442875,-71.07409438940437
1387,"WEST, BOSTON",18.5730059,-72.3308101
1388,"12 WOODWARD PARK STREET, BOSTON",42.318469650629204,-71.07224147388717
1389,"COMMERICIAL, BOSTON",,
1390,"INWOOD STREET, BOSTON",42.30601271695034,-71.06927462581584
1391,"LOUISBER, BOSTON",,
1392,"PINEDALE STREET, BOSTON",,
1393,"BROWNING AVENUE, BOSTON",42.29415645,-71.08175425
1394,"THEODORE A GLYNN, BOSTON",42.330759650311975,-71.06864471727528
1395,"MORRISSEY, BOSTON",42.30186491773002,-71.04859686235895
1396,"PENINSULA PLACE, BOSTON",42.31965312807519,-71.04474724733038
1397,"HOFFMAN STREET, BOSTON",42.32050748192762,-71.10280135840908
1398,"SOUTHBAY MALL, BOSTON",,
1399,"SCOTLAND ROAD, BOSTON",,
1400,"POND STREET, BOSTON",42.319249303256406,-71.05915872798515
1401,"MILFORD, BOSTON",42.343971811352326,-71.06950259634188
1402,"E THIRD STREET, BOSTON",42.3363825176405,-71.04211559964543
1403,"AMER LEG 547HS9, BOSTON",,
1404,"UPPER LEVEL-FOREST HILLS, BOSTON",,
1405,"MONTGOMERY PARK, BOSTON",,
1406,"E5, BOSTON",42.370354449999994,-71.0169551
1407,"WALK HILL, BOSTON",,
1408,"NED DEVINES, BOSTON",42.3602557,-71.053911
1409,"PUBLIC ALLEY NO 705, BOSTON",,
1410,"SHERMAN STREET, BOSTON",42.2825989883284,-71.12646949594506
1411,"14 HALF MOON STREET, BOSTON",42.316300999999996,-71.07213204660087
1412,"WESTGATE ROAD, BOSTON",42.30196493383379,-71.16665715998887
1413,"MT EVERETT 174XD5, BOSTON",,
1414,"SHREWSBURY ROAD, BOSTON",42.29660883913266,-71.13415151087318
1415,"SO CRES, BOSTON",,
1416,"LOUSIBERG, BOSTON",,
1417,"MARRIOT LONG WF, BOSTON",,
1418,"COLUMBIA ROAD ROTARY, BOSTON",42.329313776313604,-71.0517959051098
1419,"N CRES, BOSTON",,
1420,"ROSLINDALE DAY PARADE, BOSTON",,
1421,"HUMAROCK WAY, BOSTON",42.266104384374486,-71.11008731195938
1422,"OLD RUTHERFORD AVENUE, BOSTON",,
1423,"JFK, BOSTON",42.316179250000005,-71.03402572416168
1424,"ISLAND, BOSTON",7.0439434,125.7285583
1425,"COPLEY SQ PROTECTIVE SWEE, BOSTON",,
1426,"REYNOLDS WY-BY FIRE STATI, BOSTON",,
1427,"13 DIXWELL STREET, BOSTON",42.31470794476567,-71.09762016504276
1428,"HEMING, BOSTON",,
1429,"ACCOLON WAY, BOSTON",,
1430,"MLK, BOSTON",,
1431,"DOT, BOSTON",42.3477933,-71.0796543054747
1432,"BAIRD, BOSTON",42.28576442137599,-71.09220681780549
1433,"FAIRFIELD STREET, BOSTON",42.35010238504466,-71.08238937840338
1434,"NAZING, BOSTON",42.30662686662816,-71.08583442299532
1435,"AV DE LAFAYETTE, BOSTON",42.353667233803776,-71.06176260744094
1436,"CHILDREN'S, BOSTON",42.3373219,-71.1057039092664
1437,"REED STREET, BOSTON",42.33386026325352,-71.07791368211925
1438,"UNDINE, BOSTON",42.342640483663196,-71.16823886056133
1439,"246 PARKER HILL AVENUE, BOSTON",42.32856642520791,-71.10101911949342
1440,"RINGER PARK, BOSTON",42.3504437,-71.1382369411698
1441,"DADE STREET, BOSTON",42.33239678141101,-71.08305099806802
1442,"ROSSMORE ROAD, BOSTON",42.3042339983153,-71.10634295564347
1443,"VIRGINIA, BOSTON",37.6033025,-75.84840033558967
1444,"MELBOURNE STREET, BOSTON",42.29066844317143,-71.06581458199881
1445,"STREET JAMES STREET, BOSTON",,
1446,"COLEUS PK, BOSTON",42.31049825685671,-71.07561940144029
1447,"JETTE COURT, BOSTON",42.34683639293584,-71.14318815918898
1448,"DALESSIO, BOSTON",42.33788835,-71.0561239
1449,"WARREN PLACE, BOSTON",42.327940588733554,-71.08222914745984
1450,"ENTERPRISE, BOSTON",42.3674197,-71.0308318
1451,"BUSINESS STREET, BOSTON",42.25279234104177,-71.12783695123278
1452,"RONAN, BOSTON",42.30447625,-71.06258208712792
1453,"KNAPP ALLEY, BOSTON",,
1454,"ANDREW STATION, BOSTON",42.330041800000004,-71.0576026098017
1455,"HQ, BOSTON",42.3185589,-71.1121538
1456,"HAMLET, BOSTON",42.31830536763698,-71.06473767334764
1457,"COLUMBUS AVENUE  AND  WAS, BOSTON",,
1458,"WILLIAM J DAY, BOSTON",42.33877741668302,-71.01871460757421
1459,"DOMINICAN FEST, BOSTON",,
1460,"RODMAN STREET, BOSTON",42.29303576760829,-71.11566084646799
1461,"PUBLIC ALLEY NO 710, BOSTON",,
1462,"1ST & O, BOSTON",,
1463,"NINTH, BOSTON",42.33175707823744,-71.0505805768751
1464,"BOWKER INTERCHANGE, BOSTON",,
1465,"132 BROOK AVENUE, BOSTON",42.3207287,-71.0724406
1466,"MASS, BOSTON",42.3554334,-71.060511
1467,"ELLARD ROAD, BOSTON",42.26480647056275,-71.1109986779781
1468,"HARBOR VIEW, BOSTON",,
1469,"PUBLIC ALLEY NO 439, BOSTON",,
1470,"HENRY STERLING SQUARE, BOSTON",42.3267608,-71.05423065761434
1471,"INDIA ROW, BOSTON",42.35795492976455,-71.05081929048322
1472,"FOWLER STREET, BOSTON",42.30085434790016,-71.08127704896525
1473,"WALTHAM STREET, BOSTON",42.342160705072885,-71.06940944033391
1474,"JAMES O'NEIL WAY, BOSTON",,
1475,"PUBLIC ALLEY 429, BOSTON",42.35001195810306,-71.08767072152229
1476,"REED, BOSTON",53.02998655,0.15906192133595992
1477,"MT HOOD STREET, BOSTON",42.317782,-71.07179142313025
1478,"PUBLIC ALLEY NO 434, BOSTON",,
1479,"KING, BOSTON",8.4865544,-13.2370072
1480,"AVON STREET, BOSTON",42.31065575706369,-71.1326666142815
1481,"PUB ALLEY 439, BOSTON",,
1482,"THOMPSONS ISLAND, BOSTON",,
1483,"STREET. ALPHONSUS STREET, BOSTON",42.33197883441849,-71.10190660810812
1484,"TREMONT IN THE SOUTH END, BOSTON",,
1485,"OAK SQ AVENUE, BOSTON",42.350954451939515,-71.16377843039437
1486,"CUMBERLAND, BOSTON",,
1487,"98 WOODLEDGE STREET, BOSTON",42.314961499999995,-71.07438294500278
1488,"STORROW DRIVE, BOSTON",42.35167011831252,-71.10909132441725
1489,"POPE JOHN PAUL PARK, BOSTON",42.28092115,-71.04276659428535
1490,"FRANKLIN FIELD, BOSTON",,
1491,"HYDE, BOSTON",42.2556543,-71.1244963
1492,"JOHN ELIOT, BOSTON",42.32992935,-71.09082194557121
1493,"BI HOSP, BOSTON",,
1494,"NIXON, BOSTON",42.293292312799736,-71.06488803685781
1495,"WINDSLOW, BOSTON",,
1496,"61 HILLSIDE STREET, BOSTON",42.33031965,-71.10145215
1497,"ORTON MAROTTA, BOSTON",42.33833183991137,-71.05537396185431
1498,"MARVIN, BOSTON",42.353614,-71.0686
1499,"LOCUST STREET, BOSTON",42.3233884575148,-71.05607674161881
1500,"FAWNDALE, BOSTON",42.290246917608606,-71.1223407223231
1501,"HARTFORD STREET, BOSTON",42.3162487923362,-71.07289127227597
1502,"FLORIDA STREET, BOSTON",42.291577328292036,-71.06004880293149
1503,"LORNA, BOSTON",42.27795124197389,-71.08407525627486
1504,"PITSMOOR ROAD, BOSTON",42.287768454285796,-71.11583706358745
1505,"WINSLOW AVENUE, BOSTON",,
1506,"TARA ROAD, BOSTON",,
1507,"TARA DRIVE, BOSTON",,
1508,"EDGEWATER ROAD, BOSTON",41.494794,-71.437764
1509,"HAMILTON, BOSTON",,
1510,"FINANCIAL CENTER, BOSTON",42.35240955,-71.05638984118119
1511,"NEWCOMB, BOSTON",42.3472961,-71.0877473
1512,"GLENDALE STREET, BOSTON",42.31283226567933,-71.06743355526451
1513,"MT PLEASANT AVENUE, BOSTON",42.325819110677756,-71.0780985990842
